Workbook

Sheet Drugs To Order
B1: file | D1: ligand_name | E1: smiles | F1: Does Ari Like? | G1: Comments | H1: Does Summer Like? | I1: Comments | J1: Final Thoughts/Selection? | K1: Comments | L1: cLogp | M1: anchor | N1: ddg | O1: total_motifs | P1: significant_motifs | Q1: real_motif_ratio | R1: hbond_motif_count | S1: hbond_motif_energy_sum | T1: closest_autodock_recovery_rmsd | U1: closest_autodock_recovery_ddg | V1: strain_energy | W1: total
A2: cp | B2: ../../all/res122/res122_7F16_receptor_only_PV-003476110573_20_3.pdb | C2: /pi/summer.thyme-umw/rosetta_discovery_space/pth2/shapedb_results/refined_conformers/3_30_26_top_hits_to_investigate_hbonds/best_hits_review_4_6_26/122 | D2: PV-003476110573 | E2: c1(n(nc([C@H](CCC)C)n1)C1CC1)c1ccc2ncn(C)c(=O)c2c1 | F2: maybe | G2: probably reject over how it hits arg160 and asn402 | H2: yes | J2: yes | K2: lean toward keeping | L2: 3.4305 | M2: none | N2: -15.535781 | O2: 9 | P2: 3 | Q2: 0.444444 | R2: 2 | S2: -1.719191 | T2: 100 | U2: 0 | V2: 0 | W2: 97.189472
A3: cp | B3: ../../all/res122/res122_7F16_receptor_only_PV-004506718703_31_1.pdb | C3: /pi/summer.thyme-umw/rosetta_discovery_space/pth2/shapedb_results/refined_conformers/3_30_26_top_hits_to_investigate_hbonds/best_hits_review_4_6_26/122 | D3: PV-004506718703 | E3: [C@H]1(NC(=O)Cc2nonc2C)CN(C(=O)c2c(C)n(C)c3ccccc23)C[C@H]1C | F3: maybe | G3: misses res122 but pose looks not terrible | H3: decent | J3: yes | K3: lean toward keeping | L3: 1.99754 | M3: none | N3: -15.296063 | O3: 8 | P3: 3 | Q3: 0.25 | R3: 2 | S3: -1.293353 | T3: 100 | U3: 0 | V3: 0 | W3: 96.660584
A4: cp | B4: ../../all/res122/res122_7F16_receptor_only_PV-004655902680_26_5.pdb | C4: /pi/summer.thyme-umw/rosetta_discovery_space/pth2/shapedb_results/refined_conformers/3_30_26_top_hits_to_investigate_hbonds/best_hits_review_4_6_26/122 | D4: PV-004655902680 | E4: C1[C@@H](N(CCCN1C(=O)c1c(cc(C)[nH]1)C)C(=O)[C@@H]1CCOC1)c1ccccc1 | F4: decent | G4: can carbonyl point into tyrosine like into a benzene? | H4: yes | J4: yes | K4: risky, but lean towards keeping | L4: 3.08384 | M4: none | N4: -15.950047 | O4: 7 | P4: 3 | Q4: 0.285714 | R4: 3 | S4: -1.505897 | T4: 100 | U4: 0 | V4: 0 | W4: 95.82977
A5: cp | B5: ../../all/res122/res122_7F16_receptor_only_PV-005424082445_136_0.pdb | C5: /pi/summer.thyme-umw/rosetta_discovery_space/pth2/shapedb_results/refined_conformers/3_30_26_top_hits_to_investigate_hbonds/best_hits_review_4_6_26/122 | D5: PV-005424082445 | E5: [C@@H]1(CCN(C(=O)Cc2cnccc2OC)[C@@H]1C)NC(=O)Cc1cc(C)cc(C)c1 | F5: maybe | H5: decent | J5: yes | K5: isn't amazing, but diverse placement | L5: 2.59784 | M5: none | N5: -15.040718 | O5: 6 | P5: 3 | Q5: 0.333333 | R5: 2 | S5: -1.138986 | T5: 100 | U5: 0 | V5: 0 | W5: 95.153629
A6: cp | B6: ../../all/res122/res122_7F16_receptor_only_PV-005510814641_23_0.pdb | C6: /pi/summer.thyme-umw/rosetta_discovery_space/pth2/shapedb_results/refined_conformers/3_30_26_top_hits_to_investigate_hbonds/best_hits_review_4_6_26/122 | D6: PV-005510814641 | E6: C1N(CCCC[C@H]1N(C(=O)c1c(c(C)[nH]n1)F)C)C(=O)CCS(=O)(=O)C | F6: decent | G6: I like all the intereactions and maybe tyr188 could work | H6: yes | J6: yes | K6: little floppy, but lots of good interactions | L6: 0.74502 | M6: none | N6: -15.260381 | O6: 8 | P6: 3 | Q6: 0.25 | R6: 3 | S6: -1.428861 | T6: 100 | U6: 0 | V6: 0 | W6: 97.560758
A7: cp | B7: ../../all/res122/res122_7F16_receptor_only_PV-005890621085_19_0.pdb | C7: /pi/summer.thyme-umw/rosetta_discovery_space/pth2/shapedb_results/refined_conformers/3_30_26_top_hits_to_investigate_hbonds/best_hits_review_4_6_26/122 | D7: PV-005890621085 | E7: C([C@@H]1C[C@@H](CCN1C(=O)c1c(C)nco1)C)NC(=O)C1(c2ccccc2)CCC1 | F7: maybe | H7: decent | J7: yes | K7: leaning toward keeping | L7: 3.46182 | M7: none | N7: -16.481134 | O7: 7 | P7: 3 | Q7: 0.285714 | R7: 2 | S7: -1.079586 | T7: 100 | U7: 0 | V7: 0 | W7: 94.724994
A8: cp | B8: ../../all/res122/res122_7F16_receptor_only_PV-006198527401_21_4.pdb | C8: /pi/summer.thyme-umw/rosetta_discovery_space/pth2/shapedb_results/refined_conformers/3_30_26_top_hits_to_investigate_hbonds/best_hits_review_4_6_26/122 | D8: PV-006198527401 | E8: C(CN(C(=O)c1cnccc1C)C)[C@@H](NC(=O)c1c[nH]c(=O)cn1)C(C)(C)C | F8: decent | G8: a lot of questionable interactions seem corroborated by real motifs | H8: decent | J8: yes | K8: isn't perfect, but overall unique and if things rotate could be good | L8: 1.78012 | M8: none | N8: -15.209335 | O8: 9 | P8: 3 | Q8: 0.555556 | R8: 2 | S8: -0.616797 | T8: 100 | U8: 0 | V8: 0 | W8: 98.729424
A9: cp | B9: ../../all/res122/res122_7F16_receptor_only_PV-006630775433_204_2.pdb | C9: /pi/summer.thyme-umw/rosetta_discovery_space/pth2/shapedb_results/refined_conformers/3_30_26_top_hits_to_investigate_hbonds/best_hits_review_4_6_26/122 | D9: PV-006630775433 | E9: N(C[C@@H]1CC(CN1C(=O)CC(C)(C)C)(C)C)C(=O)Cc1nn(C(C)(C)C)nn1 | F9: maybe | H9: decent | J9: yes | K9: leaning toward keeping, kind of stringy but good hbonds | L9: 2.1501 | M9: none | N9: -17.724274 | O9: 8 | P9: 3 | Q9: 0.25 | R9: 2 | S9: -1.29153 | T9: 100 | U9: 0 | V9: 0 | W9: 94.234196
A10: cp | B10: ../../all/res122/res122_7F16_receptor_only_Z1472467618_141_1.pdb | C10: /pi/summer.thyme-umw/rosetta_discovery_space/pth2/shapedb_results/refined_conformers/3_30_26_top_hits_to_investigate_hbonds/best_hits_review_4_6_26/122 | D10: Z1472467618 | E10: N(C(=O)Nc1c(ccc(C)c1)n1cc(C)cn1)Cc1cccc(C(=O)N2CCOCC2)c1 | F10: maybe | H10: decent | J10: yes | L10: 3.28324 | M10: none | N10: -16.448389 | O10: 9 | P10: 3 | Q10: 0.333333 | R10: 2 | S10: -1.562614 | T10: 100 | U10: 0 | V10: 0 | W10: 96.32233
A11: cp | B11: ../../all/res122/res122_7F16_receptor_only_Z373510144_152_4.pdb | C11: /pi/summer.thyme-umw/rosetta_discovery_space/pth2/shapedb_results/refined_conformers/3_30_26_top_hits_to_investigate_hbonds/best_hits_review_4_6_26/122 | D11: Z373510144 | E11: c1(ccccc1NC(=O)c1ccc(OC)cc1)C(=O)N[C@H](C)c1ccc2OCC(=O)Nc2c1 | F11: yes | G11: I don't really see anything bad about this, it is stabilized with multiple hbonds across the pocket | H11: yes | J11: yes | L11: 3.7694 | M11: none | N11: -17.086206 | O11: 7 | P11: 4 | Q11: 0.285714 | R11: 3 | S11: -1.038701 | T11: 100 | U11: 0 | V11: 0 | W11: 96.160807
A12: cp | B12: ../../all/res122/res122_7F16_receptor_only_Z410608138_27_7.pdb | C12: /pi/summer.thyme-umw/rosetta_discovery_space/pth2/shapedb_results/refined_conformers/3_30_26_top_hits_to_investigate_hbonds/best_hits_review_4_6_26/122 | D12: Z410608138 | E12: N(C[C@@H](c1cccc(OC)c1)N1CCCC1)C(=O)Nc1cc(Cl)ccc1N1CCOCC1 | F12: decent | H12: decent | I12: some issues with nitrogen hydrogens, but asn344 could rotate | J12: yes | L12: 4.1438 | M12: none | N12: -15.386234 | O12: 11 | P12: 4 | Q12: 0.454545 | R12: 2 | S12: -0.508212 | T12: 100 | U12: 0 | V12: 0 | W12: 101.5601
A13: cp | B13: ../../all/res269/res269_7F16_receptor_only_PV-000518115177_94_0.pdb | C13: /pi/summer.thyme-umw/rosetta_discovery_space/pth2/shapedb_results/refined_conformers/3_30_26_top_hits_to_investigate_hbonds/best_hits_review_4_6_26/269 | D13: PV-000518115177 | E13: C1N(CCCC[C@H]1NC(=O)c1n(C)c(=O)ccc1)C(=O)CC1(C)CCCCC1 | F13: decent | H13: decent | J13: yes | L13: 2.8567 | M13: none | N13: -15.124595 | O13: 8 | P13: 5 | Q13: 0.375 | R13: 2 | S13: -0.84012 | T13: 100 | U13: 0 | V13: 0 | W13: 99.410285
A14: cp | B14: ../../all/res269/res269_7F16_receptor_only_PV-001699308763_175_2.pdb | C14: /pi/summer.thyme-umw/rosetta_discovery_space/pth2/shapedb_results/refined_conformers/3_30_26_top_hits_to_investigate_hbonds/best_hits_review_4_6_26/269 | D14: PV-001699308763 | E14: [C@@]1(CCCN(C(=O)c2c(cnc(C)n2)Cl)C1)(C)CNC(=O)CN1CCCC1 | F14: decent | H14: decent | J14: yes | L14: 1.89272 | M14: none | N14: -15.196061 | O14: 7 | P14: 2 | Q14: 0.285714 | R14: 2 | S14: -1.471521 | T14: 100 | U14: 0 | V14: 0 | W14: 94.618132
A15: cp | B15: ../../all/res269/res269_7F16_receptor_only_PV-005175010208_60_0.pdb | C15: /pi/summer.thyme-umw/rosetta_discovery_space/pth2/shapedb_results/refined_conformers/3_30_26_top_hits_to_investigate_hbonds/best_hits_review_4_6_26/269 | D15: PV-005175010208 | E15: N1(C(=O)Cc2c(onc2CC)CC)CC[C@@H](O)[C@H](NC(=O)c2cccnc2)C1 | F15: decent | G15: N on 6 member ring could twist to hit TYR122 and be much better | H15: decent | J15: yes | L15: 1.1287 | M15: none | N15: -15.111049 | O15: 8 | P15: 4 | Q15: 0.5 | R15: 3 | S15: -1.488021 | T15: 100 | U15: 0 | V15: 0 | W15: 98.90093
A16: cp | B16: ../../all/res269/res269_7F16_receptor_only_PV-006596664813_71_2.pdb | C16: /pi/summer.thyme-umw/rosetta_discovery_space/pth2/shapedb_results/refined_conformers/3_30_26_top_hits_to_investigate_hbonds/best_hits_review_4_6_26/269 | D16: PV-006596664813 | E16: C1(C[C@H](C)NC(=O)c2cn(C)nn2)CN(C(=O)c2c3CC(C)(C)Cc3ccc2)C1 | F16: maybe | H16: decent | J16: yes | L16: 2.2205 | M16: none | N16: -15.19198 | O16: 8 | P16: 3 | Q16: 0.375 | R16: 2 | S16: -1.182302 | T16: 100 | U16: 0 | V16: 0 | W16: 97.000718
A17: cp | B17: ../../all/res269/res269_7F16_receptor_only_PV-006598988224_102_4.pdb | C17: /pi/summer.thyme-umw/rosetta_discovery_space/pth2/shapedb_results/refined_conformers/3_30_26_top_hits_to_investigate_hbonds/best_hits_review_4_6_26/269 | D17: PV-006598988224 | E17: [C@@H]1(NC(=O)CC2CCCC2)CCN(C(=O)c2cc(=O)[nH]nc2)[C@H]1c1ccccc1 | F17: maybe | H17: yes | J17: yes | L17: 2.4222 | M17: none | N17: -15.653385 | O17: 8 | P17: 3 | Q17: 0.25 | R17: 2 | S17: -0.166637 | T17: 100 | U17: 0 | V17: 0 | W17: 97.429978
A18: cp | B18: ../../all/res269/res269_7F16_receptor_only_PV-006712468448_190_0.pdb | C18: /pi/summer.thyme-umw/rosetta_discovery_space/pth2/shapedb_results/refined_conformers/3_30_26_top_hits_to_investigate_hbonds/best_hits_review_4_6_26/269 | D18: PV-006712468448 | E18: C(=O)(N1C[C@H](NC(=O)C(C)C)[C@@H](C1)C)Cc1ccccc1Oc1ccncc1 | F18: maybe | G18: same pose as PV-006712468449, enantiomer | H18: decent | J18: yes | L18: 3.0355 | M18: none | N18: -15.759066 | O18: 7 | P18: 2 | Q18: 0.571429 | R18: 2 | S18: -0.931789 | T18: 100 | U18: 0 | V18: 0 | W18: 94.880574

Sheet res122 filter best placements
B1: file | D1: ligand_name | E1: Does Ari Like? | F1: Comments | G1: Does Summer Like? | H1: Comments | I1: Final Thoughts/Selection? | J1: Comments | K1: smiles | L1: cLogp | M1: anchor | N1: ddg | O1: total_motifs | P1: significant_motifs | Q1: real_motif_ratio | R1: hbond_motif_count | S1: hbond_motif_energy_sum | T1: closest_autodock_recovery_rmsd | U1: closest_autodock_recovery_ddg | V1: strain_energy | W1: total
A2: cp | B2: ../../all/res122/res122_7F16_receptor_only_PV-003476110573_20_3.pdb | C2: /pi/summer.thyme-umw/rosetta_discovery_space/pth2/shapedb_results/refined_conformers/3_30_26_top_hits_to_investigate_hbonds/best_hits_review_4_6_26/122 | D2: PV-003476110573 | E2: ='res122 Ari'!C2 -> maybe | F2: ='res122 Ari'!D2 -> probably reject over how it hits arg160 and asn402 | G2: ='res122 Summer'!C2 -> yes | H2: ='res122 Summer'!D2 | I2: yes | J2: lean toward keeping | K2: c1(n(nc([C@H](CCC)C)n1)C1CC1)c1ccc2ncn(C)c(=O)c2c1 | L2: 3.4305 | M2: =IFERROR(__xludf.DUMMYFUNCTION("IFERROR(REGEXEXTRACT(G2, ""res(269|122)""), ""none"")"),"none") -> none | N2: -15.535781 | O2: 9 | P2: 3 | Q2: 0.444444 | R2: 2 | S2: -1.719191 | T2: 100 | U2: 0 | V2: 0 | W2: 97.189472
A3: cp | B3: ../../all/res122/res122_7F16_receptor_only_PV-004506477178_31_0.pdb | C3: /pi/summer.thyme-umw/rosetta_discovery_space/pth2/shapedb_results/refined_conformers/3_30_26_top_hits_to_investigate_hbonds/best_hits_review_4_6_26/122 | D3: PV-004506477178 | E3: ='res122 Ari'!C7 -> decent | F3: ='res122 Ari'!D7 -> it's bendy, but I like how it hits overall. check strain score | G3: ='res122 Summer'!C7 -> decent | H3: ='res122 Summer'!D7 | I3: no | J3: will it even form this bendy thing? | K3: C(CCN(C(=O)c1nccc(C)n1)C)N(C)C(=O)c1ccc2CCC(=O)Nc2c1 | L3: 1.90402 | M3: =IFERROR(__xludf.DUMMYFUNCTION("IFERROR(REGEXEXTRACT(G3, ""res(269|122)""), ""none"")"),"none") -> none | N3: -16.222639 | O3: 10 | P3: 3 | Q3: 0.3 | R3: 2 | S3: -1.763647 | T3: 100 | U3: 0 | V3: 0 | W3: 97.313714
A4: cp | B4: ../../all/res122/res122_7F16_receptor_only_PV-004506718703_31_1.pdb | C4: /pi/summer.thyme-umw/rosetta_discovery_space/pth2/shapedb_results/refined_conformers/3_30_26_top_hits_to_investigate_hbonds/best_hits_review_4_6_26/122 | D4: PV-004506718703 | E4: ='res122 Ari'!C8 -> maybe | F4: ='res122 Ari'!D8 -> misses res122 but pose looks not terrible | G4: ='res122 Summer'!C8 -> decent | H4: ='res122 Summer'!D8 | I4: yes | J4: lean toward keeping | K4: [C@H]1(NC(=O)Cc2nonc2C)CN(C(=O)c2c(C)n(C)c3ccccc23)C[C@H]1C | L4: 1.99754 | M4: =IFERROR(__xludf.DUMMYFUNCTION("IFERROR(REGEXEXTRACT(G4, ""res(269|122)""), ""none"")"),"none") -> none | N4: -15.296063 | O4: 8 | P4: 3 | Q4: 0.25 | R4: 2 | S4: -1.293353 | T4: 100 | U4: 0 | V4: 0 | W4: 96.660584
A5: cp | B5: ../../all/res122/res122_7F16_receptor_only_PV-004655902680_26_5.pdb | C5: /pi/summer.thyme-umw/rosetta_discovery_space/pth2/shapedb_results/refined_conformers/3_30_26_top_hits_to_investigate_hbonds/best_hits_review_4_6_26/122 | D5: PV-004655902680 | E5: ='res122 Ari'!C10 -> decent | F5: ='res122 Ari'!D10 -> can carbonyl point into tyrosine like into a benzene? | G5: ='res122 Summer'!C10 -> yes | H5: ='res122 Summer'!D10 | I5: yes | J5: risky, but lean towards keeping | K5: C1[C@@H](N(CCCN1C(=O)c1c(cc(C)[nH]1)C)C(=O)[C@@H]1CCOC1)c1ccccc1 | L5: 3.08384 | M5: =IFERROR(__xludf.DUMMYFUNCTION("IFERROR(REGEXEXTRACT(G5, ""res(269|122)""), ""none"")"),"none") -> none | N5: -15.950047 | O5: 7 | P5: 3 | Q5: 0.285714 | R5: 3 | S5: -1.505897 | T5: 100 | U5: 0 | V5: 0 | W5: 95.82977
A6: cp | B6: ../../all/res122/res122_7F16_receptor_only_PV-004887538871_10_3.pdb | C6: /pi/summer.thyme-umw/rosetta_discovery_space/pth2/shapedb_results/refined_conformers/3_30_26_top_hits_to_investigate_hbonds/best_hits_review_4_6_26/122 | D6: PV-004887538871 | E6: ='res122 Ari'!C12 -> maybe | F6: ='res122 Ari'!D12 -> not great against tyr122 | G6: ='res122 Summer'!C12 -> decent | H6: ='res122 Summer'!D12 | I6: maybe | J6: will tyr122 be ok? skipping | K6: [C@H]1(CN(C(=O)c2c(cccc2C)F)C)COCCN1C(=O)CC1CN(C)C1 | L6: 1.38522 | M6: =IFERROR(__xludf.DUMMYFUNCTION("IFERROR(REGEXEXTRACT(G6, ""res(269|122)""), ""none"")"),"none") -> none | N6: -15.476613 | O6: 12 | P6: 4 | Q6: 0.333333 | R6: 2 | S6: -0.623346 | T6: 100 | U6: 0 | V6: 0 | W6: 102.23337
A7: cp | B7: ../../all/res122/res122_7F16_receptor_only_PV-005424082445_136_0.pdb | C7: /pi/summer.thyme-umw/rosetta_discovery_space/pth2/shapedb_results/refined_conformers/3_30_26_top_hits_to_investigate_hbonds/best_hits_review_4_6_26/122 | D7: PV-005424082445 | E7: ='res122 Ari'!C17 -> maybe | F7: ='res122 Ari'!D17 | G7: ='res122 Summer'!C17 -> decent | H7: ='res122 Summer'!D17 | I7: yes | J7: isn't amazing, but diverse placement | K7: [C@@H]1(CCN(C(=O)Cc2cnccc2OC)[C@@H]1C)NC(=O)Cc1cc(C)cc(C)c1 | L7: 2.59784 | M7: =IFERROR(__xludf.DUMMYFUNCTION("IFERROR(REGEXEXTRACT(G7, ""res(269|122)""), ""none"")"),"none") -> none | N7: -15.040718 | O7: 6 | P7: 3 | Q7: 0.333333 | R7: 2 | S7: -1.138986 | T7: 100 | U7: 0 | V7: 0 | W7: 95.153629
A8: cp | B8: ../../all/res122/res122_7F16_receptor_only_PV-005510814641_23_0.pdb | C8: /pi/summer.thyme-umw/rosetta_discovery_space/pth2/shapedb_results/refined_conformers/3_30_26_top_hits_to_investigate_hbonds/best_hits_review_4_6_26/122 | D8: PV-005510814641 | E8: ='res122 Ari'!C18 -> decent | F8: ='res122 Ari'!D18 -> I like all the intereactions and maybe tyr188 could work | G8: ='res122 Summer'!C18 -> yes | H8: ='res122 Summer'!D18 | I8: yes | J8: little floppy, but lots of good interactions | K8: C1N(CCCC[C@H]1N(C(=O)c1c(c(C)[nH]n1)F)C)C(=O)CCS(=O)(=O)C | L8: 0.74502 | M8: =IFERROR(__xludf.DUMMYFUNCTION("IFERROR(REGEXEXTRACT(G8, ""res(269|122)""), ""none"")"),"none") -> none | N8: -15.260381 | O8: 8 | P8: 3 | Q8: 0.25 | R8: 3 | S8: -1.428861 | T8: 100 | U8: 0 | V8: 0 | W8: 97.560758
A9: cp | B9: ../../all/res122/res122_7F16_receptor_only_PV-005890621085_19_0.pdb | C9: /pi/summer.thyme-umw/rosetta_discovery_space/pth2/shapedb_results/refined_conformers/3_30_26_top_hits_to_investigate_hbonds/best_hits_review_4_6_26/122 | D9: PV-005890621085 | E9: ='res122 Ari'!C23 -> maybe | F9: ='res122 Ari'!D23 | G9: ='res122 Summer'!C23 -> decent | H9: ='res122 Summer'!D23 | I9: yes | J9: leaning toward keeping | K9: C([C@@H]1C[C@@H](CCN1C(=O)c1c(C)nco1)C)NC(=O)C1(c2ccccc2)CCC1 | L9: 3.46182 | M9: =IFERROR(__xludf.DUMMYFUNCTION("IFERROR(REGEXEXTRACT(G9, ""res(269|122)""), ""none"")"),"none") -> none | N9: -16.481134 | O9: 7 | P9: 3 | Q9: 0.285714 | R9: 2 | S9: -1.079586 | T9: 100 | U9: 0 | V9: 0 | W9: 94.724994
A10: cp | B10: ../../all/res122/res122_7F16_receptor_only_PV-006198527401_21_4.pdb | C10: /pi/summer.thyme-umw/rosetta_discovery_space/pth2/shapedb_results/refined_conformers/3_30_26_top_hits_to_investigate_hbonds/best_hits_review_4_6_26/122 | D10: PV-006198527401 | E10: ='res122 Ari'!C24 -> decent | F10: ='res122 Ari'!D24 -> a lot of questionable interactions seem corroborated by real motifs | G10: ='res122 Summer'!C24 -> decent | H10: ='res122 Summer'!D24 | I10: yes | J10: isn't perfect, but overall unique and if things rotate could be good | K10: C(CN(C(=O)c1cnccc1C)C)[C@@H](NC(=O)c1c[nH]c(=O)cn1)C(C)(C)C | L10: 1.78012 | M10: =IFERROR(__xludf.DUMMYFUNCTION("IFERROR(REGEXEXTRACT(G10, ""res(269|122)""), ""none"")"),"none") -> none | N10: -15.209335 | O10: 9 | P10: 3 | Q10: 0.555556 | R10: 2 | S10: -0.616797 | T10: 100 | U10: 0 | V10: 0 | W10: 98.729424
A11: cp | B11: ../../all/res122/res122_7F16_receptor_only_PV-006630775433_204_2.pdb | C11: /pi/summer.thyme-umw/rosetta_discovery_space/pth2/shapedb_results/refined_conformers/3_30_26_top_hits_to_investigate_hbonds/best_hits_review_4_6_26/122 | D11: PV-006630775433 | E11: ='res122 Ari'!C27 -> maybe | F11: ='res122 Ari'!D27 | G11: ='res122 Summer'!C27 -> decent | H11: ='res122 Summer'!D27 | I11: yes | J11: leaning toward keeping, kind of stringy but good hbonds | K11: N(C[C@@H]1CC(CN1C(=O)CC(C)(C)C)(C)C)C(=O)Cc1nn(C(C)(C)C)nn1 | L11: 2.1501 | M11: =IFERROR(__xludf.DUMMYFUNCTION("IFERROR(REGEXEXTRACT(G11, ""res(269|122)""), ""none"")"),"none") -> none | N11: -17.724274 | O11: 8 | P11: 3 | Q11: 0.25 | R11: 2 | S11: -1.29153 | T11: 100 | U11: 0 | V11: 0 | W11: 94.234196
A12: cp | B12: ../../all/res122/res122_7F16_receptor_only_Z1472467618_141_1.pdb | C12: /pi/summer.thyme-umw/rosetta_discovery_space/pth2/shapedb_results/refined_conformers/3_30_26_top_hits_to_investigate_hbonds/best_hits_review_4_6_26/122 | D12: Z1472467618 | E12: ='res122 Ari'!C29 -> maybe | F12: ='res122 Ari'!D29 | G12: ='res122 Summer'!C29 -> decent | H12: ='res122 Summer'!D29 | I12: yes | J12: ='res122 Mary Shay'!D29 | K12: N(C(=O)Nc1c(ccc(C)c1)n1cc(C)cn1)Cc1cccc(C(=O)N2CCOCC2)c1 | L12: 3.28324 | M12: =IFERROR(__xludf.DUMMYFUNCTION("IFERROR(REGEXEXTRACT(G12, ""res(269|122)""), ""none"")"),"none") -> none | N12: -16.448389 | O12: 9 | P12: 3 | Q12: 0.333333 | R12: 2 | S12: -1.562614 | T12: 100 | U12: 0 | V12: 0 | W12: 96.32233
A13: cp | B13: ../../all/res122/res122_7F16_receptor_only_Z1521810617_4_7.pdb | C13: /pi/summer.thyme-umw/rosetta_discovery_space/pth2/shapedb_results/refined_conformers/3_30_26_top_hits_to_investigate_hbonds/best_hits_review_4_6_26/122 | D13: Z1521810617 | E13: ='res122 Ari'!C30 -> maybe | F13: ='res122 Ari'!D30 | G13: ='res122 Summer'!C30 -> decent | H13: ='res122 Summer'!D30 | I13: maybe | J13: leaning toward skipping | K13: N([C@H](C(=O)N1C[C@H](C)O[C@@H](C1)C)c1ccccc1)C(=O)c1cncc(N2CCOCC2)c1 | L13: 2.0251 | M13: =IFERROR(__xludf.DUMMYFUNCTION("IFERROR(REGEXEXTRACT(G13, ""res(269|122)""), ""none"")"),"none") -> none | N13: -16.810235 | O13: 9 | P13: 3 | Q13: 0.444444 | R13: 2 | S13: -0.880047 | T13: 100 | U13: 0 | V13: 0 | W13: 96.754162
A14: cp | B14: ../../all/res122/res122_7F16_receptor_only_Z1712441482_38_2.pdb | C14: /pi/summer.thyme-umw/rosetta_discovery_space/pth2/shapedb_results/refined_conformers/3_30_26_top_hits_to_investigate_hbonds/best_hits_review_4_6_26/122 | D14: Z1712441482 | E14: ='res122 Ari'!C32 -> maybe | F14: ='res122 Ari'!D32 | G14: ='res122 Summer'!C32 -> decent | H14: ='res122 Summer'!D32 | I14: no | J14: ='res122 Mary Shay'!D32 | K14: C(=O)([C@H](C)NC1=NS(=O)(=O)c2ccccc12)N[C@H](C)C(c1ccccc1)c1ccccc1 | L14: 3.4504 | M14: =IFERROR(__xludf.DUMMYFUNCTION("IFERROR(REGEXEXTRACT(G14, ""res(269|122)""), ""none"")"),"none") -> none | N14: -15.035637 | O14: 8 | P14: 4 | Q14: 0.25 | R14: 2 | S14: -0.915905 | T14: 100 | U14: 0 | V14: 0 | W14: 98.298458
A15: cp | B15: ../../all/res122/res122_7F16_receptor_only_Z3011172425_6_0.pdb | C15: /pi/summer.thyme-umw/rosetta_discovery_space/pth2/shapedb_results/refined_conformers/3_30_26_top_hits_to_investigate_hbonds/best_hits_review_4_6_26/122 | D15: Z3011172425 | E15: ='res122 Ari'!C38 -> maybe | F15: ='res122 Ari'!D38 | G15: ='res122 Summer'!C38 -> decent | H15: ='res122 Summer'!D38 | I15: maybe | J15: skip | K15: N([C@@H]1CC[C@@H](CC)CC1)(C)c1nnc(c2cccnn2)n1C[C@@H]1CCOC1 | L15: 3.1766 | M15: =IFERROR(__xludf.DUMMYFUNCTION("IFERROR(REGEXEXTRACT(G15, ""res(269|122)""), ""none"")"),"none") -> none | N15: -17.375967 | O15: 8 | P15: 3 | Q15: 0.25 | R15: 2 | S15: -1.320226 | T15: 100 | U15: 0 | V15: 0 | W15: 94.553807
A16: cp | B16: ../../all/res122/res122_7F16_receptor_only_Z373510144_152_4.pdb | C16: /pi/summer.thyme-umw/rosetta_discovery_space/pth2/shapedb_results/refined_conformers/3_30_26_top_hits_to_investigate_hbonds/best_hits_review_4_6_26/122 | D16: Z373510144 | E16: ='res122 Ari'!C40 -> yes | F16: ='res122 Ari'!D40 -> I don't really see anything bad about this, it is stabilized with multiple hbonds across the pocket | G16: ='res122 Summer'!C40 -> yes | H16: ='res122 Summer'!D40 | I16: yes | J16: ='res122 Mary Shay'!D40 | K16: c1(ccccc1NC(=O)c1ccc(OC)cc1)C(=O)N[C@H](C)c1ccc2OCC(=O)Nc2c1 | L16: 3.7694 | M16: =IFERROR(__xludf.DUMMYFUNCTION("IFERROR(REGEXEXTRACT(G16, ""res(269|122)""), ""none"")"),"none") -> none | N16: -17.086206 | O16: 7 | P16: 4 | Q16: 0.285714 | R16: 3 | S16: -1.038701 | T16: 100 | U16: 0 | V16: 0 | W16: 96.160807
A17: cp | B17: ../../all/res122/res122_7F16_receptor_only_Z410608138_27_7.pdb | C17: /pi/summer.thyme-umw/rosetta_discovery_space/pth2/shapedb_results/refined_conformers/3_30_26_top_hits_to_investigate_hbonds/best_hits_review_4_6_26/122 | D17: Z410608138 | E17: ='res122 Ari'!C41 -> decent | F17: ='res122 Ari'!D41 | G17: ='res122 Summer'!C41 -> decent | H17: ='res122 Summer'!D41 -> some issues with nitrogen hydrogens, but asn344 could rotate | I17: yes | J17: ='res122 Mary Shay'!D41 | K17: N(C[C@@H](c1cccc(OC)c1)N1CCCC1)C(=O)Nc1cc(Cl)ccc1N1CCOCC1 | L17: 4.1438 | M17: =IFERROR(__xludf.DUMMYFUNCTION("IFERROR(REGEXEXTRACT(G17, ""res(269|122)""), ""none"")"),"none") -> none | N17: -15.386234 | O17: 11 | P17: 4 | Q17: 0.454545 | R17: 2 | S17: -0.508212 | T17: 100 | U17: 0 | V17: 0 | W17: 101.5601
A18: cp | B18: ../../all/res122/res122_7F16_receptor_only_Z4403343830_181_8.pdb | C18: /pi/summer.thyme-umw/rosetta_discovery_space/pth2/shapedb_results/refined_conformers/3_30_26_top_hits_to_investigate_hbonds/best_hits_review_4_6_26/122 | D18: Z4403343830 | E18: ='res122 Ari'!C42 -> decent | F18: ='res122 Ari'!D42 | G18: ='res122 Summer'!C42 -> maybe | H18: ='res122 Summer'!D42 | I18: maybe | J18: skip | K18: N1(CCC[C@@H]([C@@H](C)CC(=O)O)C1)C(=O)c1ccc(Cl)c(N2CCCC2=O)c1 | L18: 3.4298 | M18: =IFERROR(__xludf.DUMMYFUNCTION("IFERROR(REGEXEXTRACT(G18, ""res(269|122)""), ""none"")"),"none") -> none | N18: -16.231911 | O18: 12 | P18: 2 | Q18: 0.25 | R18: 2 | S18: -0.38947 | T18: 100 | U18: 0 | V18: 0 | W18: 99.628619
I19: ='res122 Mary Shay'!C45 | J19: ='res122 Mary Shay'!D45
I20: ='res122 Mary Shay'!C46 | J20: ='res122 Mary Shay'!D46
I21: ='res122 Mary Shay'!C47 | J21: ='res122 Mary Shay'!D47
I22: ='res122 Mary Shay'!C48 | J22: ='res122 Mary Shay'!D48
I23: ='res122 Mary Shay'!C49 | J23: ='res122 Mary Shay'!D49
I24: ='res122 Mary Shay'!C50 | J24: ='res122 Mary Shay'!D50
I25: ='res122 Mary Shay'!C51 | J25: ='res122 Mary Shay'!D51
I26: ='res122 Mary Shay'!C52 | J26: ='res122 Mary Shay'!D52
I27: ='res122 Mary Shay'!C53 | J27: ='res122 Mary Shay'!D53
I28: ='res122 Mary Shay'!C54 | J28: ='res122 Mary Shay'!D54
I29: ='res122 Mary Shay'!C55 | J29: ='res122 Mary Shay'!D55
I30: ='res122 Mary Shay'!C56 | J30: ='res122 Mary Shay'!D56
... I103: ='res122 Mary Shay'!C129 | J103: ='res122 Mary Shay'!D129

Sheet res269 filter best placements
B1: file | D1: ligand_name | E1: Does Ari Like? | F1: Comments | G1: Does Summer Like? | H1: Comments | I1: Final Thoughts/Selection? | J1: Comments | K1: smiles | L1: cLogp | M1: anchor | N1: ddg | O1: total_motifs | P1: significant_motifs | Q1: real_motif_ratio | R1: hbond_motif_count | S1: hbond_motif_energy_sum | T1: closest_autodock_recovery_rmsd | U1: closest_autodock_recovery_ddg | V1: strain_energy | W1: total
A2: cp | B2: ../../all/res269/res269_7F16_receptor_only_PV-000366782609_149_11.pdb | C2: /pi/summer.thyme-umw/rosetta_discovery_space/pth2/shapedb_results/refined_conformers/3_30_26_top_hits_to_investigate_hbonds/best_hits_review_4_6_26/269 | D2: PV-000366782609 | E2: ='res269 Ari'!C2 -> maybe | F2: ='res269 Ari'!D2 | G2: ='res269 Summer'!C2 -> decent | H2: ='res269 Summer'!D2 | I2: maybe | J2: ='res269 Mary Shay'!D2 | K2: O(C1CN(C(=O)C(C)(C)N2CCCCC2)C1)C1CCN(C(=O)CC2CC2)CC1 | L2: 2.2694 | M2: =IFERROR(__xludf.DUMMYFUNCTION("IFERROR(REGEXEXTRACT(G2, ""res(269|122)""), ""none"")"),"none") -> none | N2: -16.620105 | O2: 12 | P2: 3 | Q2: 0.416667 | R2: 2 | S2: -0.664324 | T2: 100 | U2: 0 | V2: 0 | W2: 100.13224
A3: cp | B3: ../../all/res269/res269_7F16_receptor_only_PV-000518115177_94_0.pdb | C3: /pi/summer.thyme-umw/rosetta_discovery_space/pth2/shapedb_results/refined_conformers/3_30_26_top_hits_to_investigate_hbonds/best_hits_review_4_6_26/269 | D3: PV-000518115177 | E3: ='res269 Ari'!C5 -> decent | F3: ='res269 Ari'!D5 | G3: ='res269 Summer'!C5 -> decent | H3: ='res269 Summer'!D5 | I3: yes | J3: ='res269 Mary Shay'!D5 | K3: C1N(CCCC[C@H]1NC(=O)c1n(C)c(=O)ccc1)C(=O)CC1(C)CCCCC1 | L3: 2.8567 | M3: =IFERROR(__xludf.DUMMYFUNCTION("IFERROR(REGEXEXTRACT(G3, ""res(269|122)""), ""none"")"),"none") -> none | N3: -15.124595 | O3: 8 | P3: 5 | Q3: 0.375 | R3: 2 | S3: -0.84012 | T3: 100 | U3: 0 | V3: 0 | W3: 99.410285
A4: cp | B4: ../../all/res269/res269_7F16_receptor_only_PV-001577237854_122_9.pdb | C4: /pi/summer.thyme-umw/rosetta_discovery_space/pth2/shapedb_results/refined_conformers/3_30_26_top_hits_to_investigate_hbonds/best_hits_review_4_6_26/269 | D4: PV-001577237854 | E4: ='res269 Ari'!C7 -> maybe | F4: ='res269 Ari'!D7 | G4: ='res269 Summer'!C7 -> decent | H4: ='res269 Summer'!D7 | I4: no | J4: ='res269 Mary Shay'!D7 | K4: C1N(CCC[C@H]1[C@H](NC(=O)CC(C)C)C)C(=O)c1ccccc1n1cccc1 | L4: 3.8803 | M4: =IFERROR(__xludf.DUMMYFUNCTION("IFERROR(REGEXEXTRACT(G4, ""res(269|122)""), ""none"")"),"none") -> none | N4: -15.234041 | O4: 8 | P4: 3 | Q4: 0.25 | R4: 3 | S4: -0.552818 | T4: 100 | U4: 0 | V4: 0 | W4: 98.463141
A5: cp | B5: ../../all/res269/res269_7F16_receptor_only_PV-001699308763_175_2.pdb | C5: /pi/summer.thyme-umw/rosetta_discovery_space/pth2/shapedb_results/refined_conformers/3_30_26_top_hits_to_investigate_hbonds/best_hits_review_4_6_26/269 | D5: PV-001699308763 | E5: ='res269 Ari'!C8 -> decent | F5: ='res269 Ari'!D8 | G5: ='res269 Summer'!C8 -> decent | H5: ='res269 Summer'!D8 | I5: yes | J5: ='res269 Mary Shay'!D8 | K5: [C@@]1(CCCN(C(=O)c2c(cnc(C)n2)Cl)C1)(C)CNC(=O)CN1CCCC1 | L5: 1.89272 | M5: =IFERROR(__xludf.DUMMYFUNCTION("IFERROR(REGEXEXTRACT(G5, ""res(269|122)""), ""none"")"),"none") -> none | N5: -15.196061 | O5: 7 | P5: 2 | Q5: 0.285714 | R5: 2 | S5: -1.471521 | T5: 100 | U5: 0 | V5: 0 | W5: 94.618132
A6: cp | B6: ../../all/res269/res269_7F16_receptor_only_PV-004563691650_194_8.pdb | C6: /pi/summer.thyme-umw/rosetta_discovery_space/pth2/shapedb_results/refined_conformers/3_30_26_top_hits_to_investigate_hbonds/best_hits_review_4_6_26/269 | D6: PV-004563691650 | E6: ='res269 Ari'!C15 -> decent | F6: ='res269 Ari'!D15 | G6: ='res269 Summer'!C15 -> no | H6: ='res269 Summer'!D15 | I6: no | J6: ='res269 Mary Shay'!D15 | K6: C([C@H](N(C(=O)c1ccccc1C)C)C1CC1)NC(=O)c1nn2CCCC(=O)c2c1 | L6: 2.44862 | M6: =IFERROR(__xludf.DUMMYFUNCTION("IFERROR(REGEXEXTRACT(G6, ""res(269|122)""), ""none"")"),"none") -> none | N6: -15.778424 | O6: 10 | P6: 4 | Q6: 0.3 | R6: 2 | S6: -0.444144 | T6: 100 | U6: 0 | V6: 0 | W6: 100.07743
A7: cp | B7: ../../all/res269/res269_7F16_receptor_only_PV-004702335537_21_10.pdb | C7: /pi/summer.thyme-umw/rosetta_discovery_space/pth2/shapedb_results/refined_conformers/3_30_26_top_hits_to_investigate_hbonds/best_hits_review_4_6_26/269 | D7: PV-004702335537 | E7: ='res269 Ari'!C16 -> maybe | F7: ='res269 Ari'!D16 | G7: ='res269 Summer'!C16 -> decent | H7: ='res269 Summer'!D16 | I7: maybe | J7: ='res269 Mary Shay'!D16 | K7: C1[C@@H](C[C@H](OC)CN1C(=O)[C@H]1CCCN1C(C)C)NC(=O)[C@@H](O)C1CCC1 | L7: 0.7523 | M7: =IFERROR(__xludf.DUMMYFUNCTION("IFERROR(REGEXEXTRACT(G7, ""res(269|122)""), ""none"")"),"none") -> none | N7: -16.377062 | O7: 9 | P7: 1 | Q7: 0.333333 | R7: 2 | S7: -1.84415 | T7: 100 | U7: 0 | V7: 0 | W7: 94.112121
A8: cp | B8: ../../all/res269/res269_7F16_receptor_only_PV-004860315998_45_2.pdb | C8: /pi/summer.thyme-umw/rosetta_discovery_space/pth2/shapedb_results/refined_conformers/3_30_26_top_hits_to_investigate_hbonds/best_hits_review_4_6_26/269 | D8: PV-004860315998 | E8: ='res269 Ari'!C18 -> decent | F8: ='res269 Ari'!D18 | G8: ='res269 Summer'!C18 -> no | H8: ='res269 Summer'!D18 | I8: no | J8: ='res269 Mary Shay'!D18 | K8: C(CNC(=O)CN1CCCCC1)[C@@H]1CCN(C(=O)[C@@H]2CCCC3(CCC3)O2)C1 | L8: 2.3189 | M8: =IFERROR(__xludf.DUMMYFUNCTION("IFERROR(REGEXEXTRACT(G8, ""res(269|122)""), ""none"")"),"none") -> none | N8: -16.004339 | O8: 7 | P8: 1 | Q8: 0.285714 | R8: 2 | S8: -0.643672 | T8: 100 | U8: 0 | V8: 0 | W8: 93.637703
A9: cp | B9: ../../all/res269/res269_7F16_receptor_only_PV-005175010208_60_0.pdb | C9: /pi/summer.thyme-umw/rosetta_discovery_space/pth2/shapedb_results/refined_conformers/3_30_26_top_hits_to_investigate_hbonds/best_hits_review_4_6_26/269 | D9: PV-005175010208 | E9: ='res269 Ari'!C21 -> decent | F9: ='res269 Ari'!D21 -> N on 6 member ring could twist to hit TYR122 and be much better | G9: ='res269 Summer'!C21 -> decent | H9: ='res269 Summer'!D21 | I9: yes | J9: ='res269 Mary Shay'!D21 | K9: N1(C(=O)Cc2c(onc2CC)CC)CC[C@@H](O)[C@H](NC(=O)c2cccnc2)C1 | L9: 1.1287 | M9: =IFERROR(__xludf.DUMMYFUNCTION("IFERROR(REGEXEXTRACT(G9, ""res(269|122)""), ""none"")"),"none") -> none | N9: -15.111049 | O9: 8 | P9: 4 | Q9: 0.5 | R9: 3 | S9: -1.488021 | T9: 100 | U9: 0 | V9: 0 | W9: 98.90093
A10: cp | B10: ../../all/res269/res269_7F16_receptor_only_PV-005397290947_10_1.pdb | C10: /pi/summer.thyme-umw/rosetta_discovery_space/pth2/shapedb_results/refined_conformers/3_30_26_top_hits_to_investigate_hbonds/best_hits_review_4_6_26/269 | D10: PV-005397290947 | E10: ='res269 Ari'!C25 -> yes | F10: ='res269 Ari'!D25 -> it sits high, but I like all of its interactions | G10: ='res269 Summer'!C25 -> no | H10: ='res269 Summer'!D25 | I10: no | J10: ='res269 Mary Shay'!D25 | K10: C(=O)([C@@H]1CC[C@@H](NC(=O)C)CC1)N1C[C@@H]2CC[C@H](C1)N2C(=O)c1csnc1 | L10: 1.6534 | M10: =IFERROR(__xludf.DUMMYFUNCTION("IFERROR(REGEXEXTRACT(G10, ""res(269|122)""), ""none"")"),"none") -> none | N10: -15.787491 | O10: 6 | P10: 2 | Q10: 0.333333 | R10: 3 | S10: -1.153959 | T10: 100 | U10: 0 | V10: 0 | W10: 94.391883
A11: cp | B11: ../../all/res269/res269_7F16_receptor_only_PV-005409743762_202_0.pdb | C11: /pi/summer.thyme-umw/rosetta_discovery_space/pth2/shapedb_results/refined_conformers/3_30_26_top_hits_to_investigate_hbonds/best_hits_review_4_6_26/269 | D11: PV-005409743762 | E11: ='res269 Ari'!C26 -> decent | F11: ='res269 Ari'!D26 | G11: ='res269 Summer'!C26 -> no | H11: ='res269 Summer'!D26 | I11: no | J11: ='res269 Mary Shay'!D26 | K11: C(NC(=O)Cc1onc(C)c1)[C@]1(C)CN(C(=O)[C@@H]2CCCCC2(C)C)CCO1 | L11: 2.47562 | M11: =IFERROR(__xludf.DUMMYFUNCTION("IFERROR(REGEXEXTRACT(G11, ""res(269|122)""), ""none"")"),"none") -> none | N11: -16.526444 | O11: 7 | P11: 3 | Q11: 0.428571 | R11: 3 | S11: -1.370961 | T11: 100 | U11: 0 | V11: 0 | W11: 95.531166
A12: cp | B12: ../../all/res269/res269_7F16_receptor_only_PV-005460257111_135_1.pdb | C12: /pi/summer.thyme-umw/rosetta_discovery_space/pth2/shapedb_results/refined_conformers/3_30_26_top_hits_to_investigate_hbonds/best_hits_review_4_6_26/269 | D12: PV-005460257111 | E12: ='res269 Ari'!C27 -> yes | F12: ='res269 Ari'!D27 -> lots of good interactions and extends across the pocket, even if there are a lot of interactions not considered real; enantiomer with PV-005460257111 | G12: ='res269 Summer'!C27 -> no | H12: ='res269 Summer'!D27 | I12: no | J12: ='res269 Mary Shay'!D27 | K12: [C@@H](CNC(=O)[C@H]1N=C(C)Nc2[nH]ccc12)(C)CNC(=O)[C@@]12CCC[C@@H]1CCC2 | L12: 2.7386 | M12: =IFERROR(__xludf.DUMMYFUNCTION("IFERROR(REGEXEXTRACT(G12, ""res(269|122)""), ""none"")"),"none") -> none | N12: -15.442965 | O12: 7 | P12: 3 | Q12: 0.285714 | R12: 2 | S12: -0.995888 | T12: 100 | U12: 0 | V12: 0 | W12: 95.846861
A13: cp | B13: ../../all/res269/res269_7F16_receptor_only_PV-005771589697_43_4.pdb | C13: /pi/summer.thyme-umw/rosetta_discovery_space/pth2/shapedb_results/refined_conformers/3_30_26_top_hits_to_investigate_hbonds/best_hits_review_4_6_26/269 | D13: PV-005771589697 | E13: ='res269 Ari'!C33 -> decent | F13: ='res269 Ari'!D33 -> could hit glu398 better | G13: ='res269 Summer'!C33 -> no | H13: ='res269 Summer'!D33 | I13: no | J13: ='res269 Mary Shay'!D33 | K13: N(C(=O)CSc1ccc(C)cc1)[C@@H]1[C@H]2CCN(C(=O)c3c(C)cnc(C)c3)[C@@H]12 | L13: 3.12826 | M13: =IFERROR(__xludf.DUMMYFUNCTION("IFERROR(REGEXEXTRACT(G13, ""res(269|122)""), ""none"")"),"none") -> none | N13: -15.155078 | O13: 8 | P13: 2 | Q13: 0.25 | R13: 2 | S13: -0.394031 | T13: 100 | U13: 0 | V13: 0 | W13: 96.700891
A14: cp | B14: ../../all/res269/res269_7F16_receptor_only_PV-005792794357_162_6.pdb | C14: /pi/summer.thyme-umw/rosetta_discovery_space/pth2/shapedb_results/refined_conformers/3_30_26_top_hits_to_investigate_hbonds/best_hits_review_4_6_26/269 | D14: PV-005792794357 | E14: ='res269 Ari'!C34 -> yes | F14: ='res269 Ari'!D34 | G14: ='res269 Summer'!C34 -> no | H14: ='res269 Summer'!D34 | I14: no | J14: ='res269 Mary Shay'!D34 | K14: C(NC(=O)C[C@@H](c1ccccc1C)C)[C@H]1CCCN(C(=O)c2cc(N)ccn2)C1 | L14: 3.13442 | M14: =IFERROR(__xludf.DUMMYFUNCTION("IFERROR(REGEXEXTRACT(G14, ""res(269|122)""), ""none"")"),"none") -> none | N14: -15.473368 | O14: 8 | P14: 2 | Q14: 0.375 | R14: 2 | S14: -0.972362 | T14: 100 | U14: 0 | V14: 0 | W14: 95.92927
A15: cp | B15: ../../all/res269/res269_7F16_receptor_only_PV-005904922341_54_3.pdb | C15: /pi/summer.thyme-umw/rosetta_discovery_space/pth2/shapedb_results/refined_conformers/3_30_26_top_hits_to_investigate_hbonds/best_hits_review_4_6_26/269 | D15: PV-005904922341 | E15: ='res269 Ari'!C35 -> yes | F15: ='res269 Ari'!D35 -> I think tyr202 could hbond with the hydroxyl | G15: =#REF! -> #REF! | H15: ='res269 Summer'!D35 | I15: maybe | J15: ='res269 Mary Shay'!D35 | K15: [C@H]1(NC(=O)c2c(ccc(C)n2)C)CCCN(C(=O)C2(CO)CCOCC2)C1 | L15: 1.20834 | M15: =IFERROR(__xludf.DUMMYFUNCTION("IFERROR(REGEXEXTRACT(G15, ""res(269|122)""), ""none"")"),"none") -> none | N15: -15.32929 | O15: 9 | P15: 2 | Q15: 0.444444 | R15: 3 | S15: -1.169854 | T15: 100 | U15: 0 | V15: 0 | W15: 97.9453
A16: cp | B16: ../../all/res269/res269_7F16_receptor_only_PV-006074144815_132_2.pdb | C16: /pi/summer.thyme-umw/rosetta_discovery_space/pth2/shapedb_results/refined_conformers/3_30_26_top_hits_to_investigate_hbonds/best_hits_review_4_6_26/269 | D16: PV-006074144815 | E16: ='res269 Ari'!C40 -> yes | F16: ='res269 Ari'!D40 | G16: ='res269 Summer'!C40 -> no | H16: ='res269 Summer'!D40 | I16: maybe | J16: ='res269 Mary Shay'!D40 | K16: [C@@H]1(N(CC)C(=O)COCC(C)(C)C)CCCN(C(=O)c2ccc(C)c(O)n2)C1 | L16: 2.61142 | M16: =IFERROR(__xludf.DUMMYFUNCTION("IFERROR(REGEXEXTRACT(G16, ""res(269|122)""), ""none"")"),"none") -> none | N16: -16.574584 | O16: 6 | P16: 1 | Q16: 0.333333 | R16: 2 | S16: -0.53138 | T16: 100 | U16: 0 | V16: 0 | W16: 92.227369
A17: cp | B17: ../../all/res269/res269_7F16_receptor_only_PV-006143645773_78_1.pdb | C17: /pi/summer.thyme-umw/rosetta_discovery_space/pth2/shapedb_results/refined_conformers/3_30_26_top_hits_to_investigate_hbonds/best_hits_review_4_6_26/269 | D17: PV-006143645773 | E17: ='res269 Ari'!C41 -> yes | F17: ='res269 Ari'!D41 -> same pose as PV-006143645775 and PV-006143645776, enantiomer | G17: ='res269 Summer'!C41 -> no | H17: ='res269 Summer'!D41 | I17: maybe | J17: ='res269 Mary Shay'!D41 | K17: C(NC(=O)C(C)(C)N1CCCCC1)[C@@H]1CCCN1C(=O)[C@@H](O)C1CCOCC1 | L17: 1.1456 | M17: =IFERROR(__xludf.DUMMYFUNCTION("IFERROR(REGEXEXTRACT(G17, ""res(269|122)""), ""none"")"),"none") -> none | N17: -16.381515 | O17: 6 | P17: 3 | Q17: 0.5 | R17: 2 | S17: -0.391176 | T17: 100 | U17: 0 | V17: 0 | W17: 94.727309
A18: cp | B18: ../../all/res269/res269_7F16_receptor_only_PV-006252057578_235_16.pdb | C18: /pi/summer.thyme-umw/rosetta_discovery_space/pth2/shapedb_results/refined_conformers/3_30_26_top_hits_to_investigate_hbonds/best_hits_review_4_6_26/269 | D18: PV-006252057578 | E18: ='res269 Ari'!C45 -> maybe | F18: ='res269 Ari'!D45 | G18: ='res269 Summer'!C45 -> decent | H18: ='res269 Summer'!D45 | I18: no | J18: ='res269 Mary Shay'!D45 | K18: [C@@H]1(CNC(=O)c2cc3ccccc3c(=O)[nH]2)C[C@H]1CNC(=O)[C@@H]1COCCO1 | L18: 0.4256 | M18: =IFERROR(__xludf.DUMMYFUNCTION("IFERROR(REGEXEXTRACT(G18, ""res(269|122)""), ""none"")"),"none") -> none | N18: -16.196607 | O18: 8 | P18: 5 | Q18: 0.625 | R18: 3 | S18: -1.082057 | T18: 100 | U18: 0 | V18: 0 | W18: 99.346336
A19: cp | B19: ../../all/res269/res269_7F16_receptor_only_PV-006279077450_73_15.pdb | C19: /pi/summer.thyme-umw/rosetta_discovery_space/pth2/shapedb_results/refined_conformers/3_30_26_top_hits_to_investigate_hbonds/best_hits_review_4_6_26/269 | D19: PV-006279077450 | E19: ='res269 Ari'!C47 -> maybe | F19: ='res269 Ari'!D47 | G19: ='res269 Summer'!C47 -> decent | H19: ='res269 Summer'!D47 | I19: no | J19: ='res269 Mary Shay'!D47 | K19: [C@H]1(CCC[C@@H](NC(=O)c2ccc[nH]2)C1)NC(=O)C1(N2CCOCC2)CCCC1 | L19: 1.8169 | M19: =IFERROR(__xludf.DUMMYFUNCTION("IFERROR(REGEXEXTRACT(G19, ""res(269|122)""), ""none"")"),"none") -> none | N19: -17.250811 | O19: 11 | P19: 5 | Q19: 0.272727 | R19: 2 | S19: -0.713731 | T19: 100 | U19: 0 | V19: 0 | W19: 100.30818
A20: cp | B20: ../../all/res269/res269_7F16_receptor_only_PV-006336543198_32_3.pdb | C20: /pi/summer.thyme-umw/rosetta_discovery_space/pth2/shapedb_results/refined_conformers/3_30_26_top_hits_to_investigate_hbonds/best_hits_review_4_6_26/269 | D20: PV-006336543198 | E20: ='res269 Ari'!C49 -> maybe | F20: ='res269 Ari'!D49 | G20: ='res269 Summer'!C49 -> decent | H20: ='res269 Summer'!D49 | I20: maybe | J20: ='res269 Mary Shay'!D49 | K20: C(NC(=O)c1n2nc(C)sc2nc1C)C1(NC(=O)CC2CCCC2)CCC1 | L20: 2.75664 | M20: =IFERROR(__xludf.DUMMYFUNCTION("IFERROR(REGEXEXTRACT(G20, ""res(269|122)""), ""none"")"),"none") -> none | N20: -17.483332 | O20: 7 | P20: 2 | Q20: 0.428571 | R20: 2 | S20: -0.934603 | T20: 100 | U20: 0 | V20: 0 | W20: 93.010636
A21: cp | B21: ../../all/res269/res269_7F16_receptor_only_PV-006596664813_71_2.pdb | C21: /pi/summer.thyme-umw/rosetta_discovery_space/pth2/shapedb_results/refined_conformers/3_30_26_top_hits_to_investigate_hbonds/best_hits_review_4_6_26/269 | D21: PV-006596664813 | E21: ='res269 Ari'!C53 -> maybe | F21: ='res269 Ari'!D53 | G21: ='res269 Summer'!C53 -> decent | H21: ='res269 Summer'!D53 | I21: yes | J21: ='res269 Mary Shay'!D53 | K21: C1(C[C@H](C)NC(=O)c2cn(C)nn2)CN(C(=O)c2c3CC(C)(C)Cc3ccc2)C1 | L21: 2.2205 | M21: =IFERROR(__xludf.DUMMYFUNCTION("IFERROR(REGEXEXTRACT(G21, ""res(269|122)""), ""none"")"),"none") -> none | N21: -15.19198 | O21: 8 | P21: 3 | Q21: 0.375 | R21: 2 | S21: -1.182302 | T21: 100 | U21: 0 | V21: 0 | W21: 97.000718
A22: cp | B22: ../../all/res269/res269_7F16_receptor_only_PV-006598988224_102_4.pdb | C22: /pi/summer.thyme-umw/rosetta_discovery_space/pth2/shapedb_results/refined_conformers/3_30_26_top_hits_to_investigate_hbonds/best_hits_review_4_6_26/269 | D22: PV-006598988224 | E22: ='res269 Ari'!C54 -> maybe | F22: ='res269 Ari'!D54 | G22: ='res269 Summer'!C54 -> yes | H22: ='res269 Summer'!D54 | I22: yes | J22: ='res269 Mary Shay'!D54 | K22: [C@@H]1(NC(=O)CC2CCCC2)CCN(C(=O)c2cc(=O)[nH]nc2)[C@H]1c1ccccc1 | L22: 2.4222 | M22: =IFERROR(__xludf.DUMMYFUNCTION("IFERROR(REGEXEXTRACT(G22, ""res(269|122)""), ""none"")"),"none") -> none | N22: -15.653385 | O22: 8 | P22: 3 | Q22: 0.25 | R22: 2 | S22: -0.166637 | T22: 100 | U22: 0 | V22: 0 | W22: 97.429978
A23: cp | B23: ../../all/res269/res269_7F16_receptor_only_PV-006604268399_13_1.pdb | C23: /pi/summer.thyme-umw/rosetta_discovery_space/pth2/shapedb_results/refined_conformers/3_30_26_top_hits_to_investigate_hbonds/best_hits_review_4_6_26/269 | D23: PV-006604268399 | E23: ='res269 Ari'!C55 -> maybe | F23: ='res269 Ari'!D55 | G23: ='res269 Summer'!C55 -> decent | H23: ='res269 Summer'!D55 | I23: no | J23: ='res269 Mary Shay'!D55 | K23: C1N(CC[C@@H]1CNC(=O)c1c(C)nns1)C(=O)Cc1ccccc1C(C)C | L23: 2.79092 | M23: =IFERROR(__xludf.DUMMYFUNCTION("IFERROR(REGEXEXTRACT(G23, ""res(269|122)""), ""none"")"),"none") -> none | N23: -15.468589 | O23: 8 | P23: 3 | Q23: 0.375 | R23: 2 | S23: -0.987794 | T23: 100 | U23: 0 | V23: 0 | W23: 96.918617
A24: cp | B24: ../../all/res269/res269_7F16_receptor_only_PV-006712468448_190_0.pdb | C24: /pi/summer.thyme-umw/rosetta_discovery_space/pth2/shapedb_results/refined_conformers/3_30_26_top_hits_to_investigate_hbonds/best_hits_review_4_6_26/269 | D24: PV-006712468448 | E24: ='res269 Ari'!C59 -> maybe | F24: ='res269 Ari'!D59 -> same pose as PV-006712468449, enantiomer | G24: ='res269 Summer'!C59 -> decent | H24: ='res269 Summer'!D59 | I24: yes | J24: ='res269 Mary Shay'!D59 | K24: C(=O)(N1C[C@H](NC(=O)C(C)C)[C@@H](C1)C)Cc1ccccc1Oc1ccncc1 | L24: 3.0355 | M24: =IFERROR(__xludf.DUMMYFUNCTION("IFERROR(REGEXEXTRACT(G24, ""res(269|122)""), ""none"")"),"none") -> none | N24: -15.759066 | O24: 7 | P24: 2 | Q24: 0.571429 | R24: 2 | S24: -0.931789 | T24: 100 | U24: 0 | V24: 0 | W24: 94.880574
A25: cp | B25: ../../all/res269/res269_7F16_receptor_only_Z1159218881_192_3.pdb | C25: /pi/summer.thyme-umw/rosetta_discovery_space/pth2/shapedb_results/refined_conformers/3_30_26_top_hits_to_investigate_hbonds/best_hits_review_4_6_26/269 | D25: Z1159218881 | E25: ='res269 Ari'!C63 -> decent | F25: ='res269 Ari'!D63 | G25: ='res269 Summer'!C63 -> no | H25: ='res269 Summer'!D63 | I25: maybe | J25: ='res269 Mary Shay'!D63 | K25: C(=O)(NC(c1ccc(OC)cc1)c1ccc(OC)cc1)CN1CCC(N2CCCC2)CC1 | L25: 3.4696 | M25: =IFERROR(__xludf.DUMMYFUNCTION("IFERROR(REGEXEXTRACT(G25, ""res(269|122)""), ""none"")"),"none") -> none | N25: -16.947939 | O25: 7 | P25: 1 | Q25: 0.285714 | R25: 2 | S25: -1.26662 | T25: 100 | U25: 0 | V25: 0 | W25: 92.071155
A26: cp | B26: ../../all/res269/res269_7F16_receptor_only_Z1634233487_99_4.pdb | C26: /pi/summer.thyme-umw/rosetta_discovery_space/pth2/shapedb_results/refined_conformers/3_30_26_top_hits_to_investigate_hbonds/best_hits_review_4_6_26/269 | D26: Z1634233487 | E26: ='res269 Ari'!C72 -> decent | F26: ='res269 Ari'!D72 | G26: ='res269 Summer'!C72 -> decent | H26: ='res269 Summer'!D72 | I26: maybe | J26: ='res269 Mary Shay'!D72 | K26: N([C@@H]1CCCc2cn(CCOC)nc12)C(=O)c1ccc(S(=O)(=O)N2CCCCC2)o1 | L26: 2.1045 | M26: =IFERROR(__xludf.DUMMYFUNCTION("IFERROR(REGEXEXTRACT(G26, ""res(269|122)""), ""none"")"),"none") -> none | N26: -16.284917 | O26: 8 | P26: 5 | Q26: 0.25 | R26: 2 | S26: -1.566179 | T26: 100 | U26: 0 | V26: 0 | W26: 97.398904
A27: cp | B27: ../../all/res269/res269_7F16_receptor_only_Z1998434183_30_67.pdb | C27: /pi/summer.thyme-umw/rosetta_discovery_space/pth2/shapedb_results/refined_conformers/3_30_26_top_hits_to_investigate_hbonds/best_hits_review_4_6_26/269 | D27: Z1998434183 | E27: ='res269 Ari'!C73 -> maybe | F27: ='res269 Ari'!D73 | G27: ='res269 Summer'!C73 -> decent | H27: ='res269 Summer'!D73 | I27: no | J27: ='res269 Mary Shay'!D73 | K27: C(=O)([C@@H](CC(C)C)NC1=NS(=O)(=O)c2ccccc12)N[C@@H](CCO)Cc1ccccc1 | L27: 2.2497 | M27: =IFERROR(__xludf.DUMMYFUNCTION("IFERROR(REGEXEXTRACT(G27, ""res(269|122)""), ""none"")"),"none") -> none | N27: -16.118663 | O27: 9 | P27: 1 | Q27: 0.333333 | R27: 2 | S27: -0.368431 | T27: 100 | U27: 0 | V27: 0 | W27: 95.846239
A28: cp | B28: ../../all/res269/res269_7F16_receptor_only_Z395775478_134_52.pdb | C28: /pi/summer.thyme-umw/rosetta_discovery_space/pth2/shapedb_results/refined_conformers/3_30_26_top_hits_to_investigate_hbonds/best_hits_review_4_6_26/269 | D28: Z395775478 | E28: ='res269 Ari'!C77 -> maybe | F28: ='res269 Ari'!D77 -> unsatisfied sulfonamide O is probably bad | G28: ='res269 Summer'!C77 -> decent | H28: ='res269 Summer'!D77 | I28: no | J28: ='res269 Mary Shay'!D77 | K28: C(CNS(=O)(=O)c1ccc(C)cc1)C(=O)N1CCCC[C@H]1CNS(=O)(=O)C | L28: 0.59372 | M28: =IFERROR(__xludf.DUMMYFUNCTION("IFERROR(REGEXEXTRACT(G28, ""res(269|122)""), ""none"")"),"none") -> none | N28: -15.935374 | O28: 10 | P28: 2 | Q28: 0.3 | R28: 3 | S28: -1.849118 | T28: 100 | U28: 0 | V28: 0 | W28: 97.515508
A29: cp | B29: ../../all/res269/res269_7F16_receptor_only_Z4322826053_15_0.pdb | C29: /pi/summer.thyme-umw/rosetta_discovery_space/pth2/shapedb_results/refined_conformers/3_30_26_top_hits_to_investigate_hbonds/best_hits_review_4_6_26/269 | D29: Z4322826053 | E29: ='res269 Ari'!C78 -> decent | F29: ='res269 Ari'!D78 -> same pose as Z4322826055, enantiomer | G29: ='res269 Summer'!C78 -> no | H29: ='res269 Summer'!D78 | I29: no | J29: ='res269 Mary Shay'!D78 | K29: c1(C(=O)N[C@H](CC(=O)O)C2CCCCC2)cccc(C(=O)N2CCCCC2)c1 | L29: 3.4661 | M29: =IFERROR(__xludf.DUMMYFUNCTION("IFERROR(REGEXEXTRACT(G29, ""res(269|122)""), ""none"")"),"none") -> none | N29: -15.953649 | O29: 12 | P29: 5 | Q29: 0.416667 | R29: 3 | S29: -0.584621 | T29: 100 | U29: 0 | V29: 0 | W29: 103.8784
A30: cp | B30: ../../all/res269/res269_7F16_receptor_only_Z4322826055_15_0.pdb | C30: /pi/summer.thyme-umw/rosetta_discovery_space/pth2/shapedb_results/refined_conformers/3_30_26_top_hits_to_investigate_hbonds/best_hits_review_4_6_26/269 | D30: Z4322826055 | E30: ='res269 Ari'!C79 -> decent | F30: ='res269 Ari'!D79 -> same pose as Z4322826053, enantiomer | G30: ='res269 Summer'!C79 -> no | H30: ='res269 Summer'!D79 | I30: no | J30: ='res269 Mary Shay'!D79 | K30: c1(C(=O)N[C@H](CC(=O)O)C2CCCCC2)cccc(C(=O)N2CCCCC2)c1 | L30: 3.4661 | M30: =IFERROR(__xludf.DUMMYFUNCTION("IFERROR(REGEXEXTRACT(G30, ""res(269|122)""), ""none"")"),"none") -> none | N30: -15.953649 | O30: 12 | P30: 5 | Q30: 0.416667 | R30: 3 | S30: -0.584621 | T30: 100 | U30: 0 | V30: 0 | W30: 103.8784
A31: cp | B31: ../../all/res269/res269_7F16_receptor_only_Z4881795942_226_8.pdb | C31: /pi/summer.thyme-umw/rosetta_discovery_space/pth2/shapedb_results/refined_conformers/3_30_26_top_hits_to_investigate_hbonds/best_hits_review_4_6_26/269 | D31: Z4881795942 | E31: ='res269 Ari'!C81 -> maybe | F31: ='res269 Ari'!D81 -> same pose as Z4881795915, enantiomer | G31: ='res269 Summer'!C81 -> decent | H31: ='res269 Summer'!D81 | I31: maybe | J31: ='res269 Mary Shay'!D81 | K31: N1(CCC[C@@H](NC(=O)[C@H]2CCC(=O)NC2)C1)C(=O)[C@@H]1CCC(=O)N(c2cc(F)ccc2)C1 | L31: 1.2021 | M31: =IFERROR(__xludf.DUMMYFUNCTION("IFERROR(REGEXEXTRACT(G31, ""res(269|122)""), ""none"")"),"none") -> none | N31: -15.47128 | O31: 8 | P31: 5 | Q31: 0.5 | R31: 2 | S31: -0.38008 | T31: 100 | U31: 0 | V31: 0 | W31: 99.64864
G32: ='res269 Summer (old)'!C86 | H32: ='res269 Summer (old)'!D86 | I32: ='res269 Mary Shay'!C86 | J32: ='res269 Mary Shay'!D86
G33: ='res269 Summer (old)'!C87 | H33: ='res269 Summer (old)'!D87 | I33: ='res269 Mary Shay'!C87 | J33: ='res269 Mary Shay'!D87
G34: ='res269 Summer (old)'!C88 | H34: ='res269 Summer (old)'!D88 | I34: ='res269 Mary Shay'!C88 | J34: ='res269 Mary Shay'!D88
G35: ='res269 Summer (old)'!C89 | H35: ='res269 Summer (old)'!D89 | I35: ='res269 Mary Shay'!C89 | J35: ='res269 Mary Shay'!D89
G36: ='res269 Summer (old)'!C90 | H36: ='res269 Summer (old)'!D90 | I36: ='res269 Mary Shay'!C90 | J36: ='res269 Mary Shay'!D90
G37: ='res269 Summer (old)'!C91 | H37: ='res269 Summer (old)'!D91 | I37: ='res269 Mary Shay'!C91 | J37: ='res269 Mary Shay'!D91
G38: ='res269 Summer (old)'!C92 | H38: ='res269 Summer (old)'!D92 | I38: ='res269 Mary Shay'!C92 | J38: ='res269 Mary Shay'!D92
G39: ='res269 Summer (old)'!C93 | H39: ='res269 Summer (old)'!D93 | I39: ='res269 Mary Shay'!C93 | J39: ='res269 Mary Shay'!D93
G40: ='res269 Summer (old)'!C94 | H40: ='res269 Summer (old)'!D94 | I40: ='res269 Mary Shay'!C94 | J40: ='res269 Mary Shay'!D94
G41: ='res269 Summer (old)'!C95 | H41: ='res269 Summer (old)'!D95 | I41: ='res269 Mary Shay'!C95 | J41: ='res269 Mary Shay'!D95
G42: ='res269 Summer (old)'!C96 | H42: ='res269 Summer (old)'!D96 | I42: ='res269 Mary Shay'!C96 | J42: ='res269 Mary Shay'!D96
G43: ='res269 Summer (old)'!C97 | H43: ='res269 Summer (old)'!D97 | I43: ='res269 Mary Shay'!C97 | J43: ='res269 Mary Shay'!D97
... G257: ='res269 Summer (old)'!C311 | H257: ='res269 Summer (old)'!D311 | I257: ='res269 Mary Shay'!C311 | J257: ='res269 Mary Shay'!D311

Sheet res122 All Thoughts
A1: file | B1: ligand_name | C1: Does Ari Like? | D1: Comments | E1: Does Summer Like? | F1: Comments | G1: Does Mary Shay Like? | H1: Comments | I1: anchor | J1: ddg | K1: total_motifs | L1: significant_motifs | M1: real_motif_ratio | N1: hbond_motif_count | O1: hbond_motif_energy_sum | P1: closest_autodock_recovery_rmsd | Q1: closest_autodock_recovery_ddg | R1: strain_energy | S1: total
A2: /pi/summer.thyme-umw/rosetta_discovery_space/pth2/shapedb_results/refined_conformers/lower_res1_11_shifted/0/PV-003476110573/122/placement/res122_7F16_receptor_only_PV-003476110573_20_3.pdb | B2: PV-003476110573 | C2: ='res122 Ari'!C2 -> maybe | D2: ='res122 Ari'!D2 -> probably reject over how it hits arg160 and asn402 | E2: ='res122 Summer'!C2 -> yes | F2: ='res122 Summer'!D2 | G2: ='res122 Mary Shay'!C2 | H2: ='res122 Mary Shay'!D2 | I2: =IFERROR(__xludf.DUMMYFUNCTION("IFERROR(REGEXEXTRACT(E2, ""res(269|122)""), ""none"")"),"none") -> none | J2: -15.535781 | K2: 9 | L2: 3 | M2: 0.444444 | N2: 2 | O2: -1.719191 | P2: 100 | Q2: 0 | R2: 0 | S2: 97.189472
A3: /pi/summer.thyme-umw/rosetta_discovery_space/pth2/shapedb_results/refined_conformers/lower_res5_11_shifted/7/PV-004363072660/122/placement/res122_7F16_receptor_only_PV-004363072660_208_3.pdb | B3: PV-004363072660 | C3: ='res122 Ari'!C3 -> maybe | D3: ='res122 Ari'!D3 -> not best around middle and has ester | E3: ='res122 Summer'!C3 -> no | F3: ='res122 Summer'!D3 | G3: ='res122 Mary Shay'!C3 | H3: ='res122 Mary Shay'!D3 | I3: =IFERROR(__xludf.DUMMYFUNCTION("IFERROR(REGEXEXTRACT(E3, ""res(269|122)""), ""none"")"),"none") -> none | J3: -17.372141 | K3: 10 | L3: 2 | M3: 0.3 | N3: 2 | O3: -1.446995 | P3: 100 | Q3: 0 | R3: 0 | S3: 95.480864
A4: /pi/summer.thyme-umw/rosetta_discovery_space/pth2/shapedb_results/refined_conformers/lower_res5_11_shifted/4/PV-004434805041/122/placement/res122_7F16_receptor_only_PV-004434805041_203_1.pdb | B4: PV-004434805041 | C4: ='res122 Ari'!C4 -> maybe | D4: ='res122 Ari'!D4 -> probably bad, but I do kind of like how it snakes up and interaction with TYR122 is apparently real. carbonyl into val191 is probably really bad | E4: ='res122 Summer'!C4 -> no | F4: ='res122 Summer'!D4 | G4: ='res122 Mary Shay'!C4 | H4: ='res122 Mary Shay'!D4 | I4: =IFERROR(__xludf.DUMMYFUNCTION("IFERROR(REGEXEXTRACT(E4, ""res(269|122)""), ""none"")"),"none") -> none | J4: -15.13854 | K4: 9 | L4: 4 | M4: 0.333333 | N4: 2 | O4: -1.065005 | P4: 100 | Q4: 0 | R4: 0 | S4: 99.129788
A5: /pi/summer.thyme-umw/rosetta_discovery_space/pth2/shapedb_results/refined_conformers/lower_res1_11_shifted/16/PV-004444948705/122/placement/res122_7F16_receptor_only_PV-004444948705_47_1.pdb | B5: PV-004444948705 | C5: ='res122 Ari'!C5 -> maybe | D5: ='res122 Ari'!D5 -> could maybe flex to hit glu398 | E5: ='res122 Summer'!C5 -> maybe | F5: ='res122 Summer'!D5 | G5: ='res122 Mary Shay'!C5 | H5: ='res122 Mary Shay'!D5 | I5: =IFERROR(__xludf.DUMMYFUNCTION("IFERROR(REGEXEXTRACT(E5, ""res(269|122)""), ""none"")"),"none") -> none | J5: -15.55909 | K5: 12 | L5: 4 | M5: 0.25 | N5: 2 | O5: -0.857348 | P5: 100 | Q5: 0 | R5: 0 | S5: 101.83356
A6: /pi/summer.thyme-umw/rosetta_discovery_space/pth2/shapedb_results/refined_conformers/lower_res1_11_shifted/24/PV-004502754221/122/placement/res122_7F16_receptor_only_PV-004502754221_27_2.pdb | B6: PV-004502754221 | C6: ='res122 Ari'!C6 -> maybe | D6: ='res122 Ari'!D6 -> if tyr122 H moves, could form hbond | E6: ='res122 Summer'!C6 -> no | F6: ='res122 Summer'!D6 | G6: ='res122 Mary Shay'!C6 | H6: ='res122 Mary Shay'!D6 | I6: =IFERROR(__xludf.DUMMYFUNCTION("IFERROR(REGEXEXTRACT(E6, ""res(269|122)""), ""none"")"),"none") -> none | J6: -16.502904 | K6: 8 | L6: 3 | M6: 0.25 | N6: 3 | O6: -0.998347 | P6: 100 | Q6: 0 | R6: 0 | S6: 96.748749
A7: /pi/summer.thyme-umw/rosetta_discovery_space/pth2/shapedb_results/refined_conformers/lower_res1_11_shifted/30/PV-004506477178/122/placement/res122_7F16_receptor_only_PV-004506477178_31_0.pdb | B7: PV-004506477178 | C7: ='res122 Ari'!C7 -> decent | D7: ='res122 Ari'!D7 -> it's bendy, but I like how it hits overall. check strain score | E7: ='res122 Summer'!C7 -> decent | F7: ='res122 Summer'!D7 | G7: ='res122 Mary Shay'!C7 | H7: ='res122 Mary Shay'!D7 | I7: =IFERROR(__xludf.DUMMYFUNCTION("IFERROR(REGEXEXTRACT(E7, ""res(269|122)""), ""none"")"),"none") -> none | J7: -16.222639 | K7: 10 | L7: 3 | M7: 0.3 | N7: 2 | O7: -1.763647 | P7: 100 | Q7: 0 | R7: 0 | S7: 97.313714
A8: /pi/summer.thyme-umw/rosetta_discovery_space/pth2/shapedb_results/refined_conformers/lower_res1_11_shifted/18/PV-004506718703/122/placement/res122_7F16_receptor_only_PV-004506718703_31_1.pdb | B8: PV-004506718703 | C8: ='res122 Ari'!C8 -> maybe | D8: ='res122 Ari'!D8 -> misses res122 but pose looks not terrible | E8: ='res122 Summer'!C8 -> decent | F8: ='res122 Summer'!D8 | G8: ='res122 Mary Shay'!C8 | H8: ='res122 Mary Shay'!D8 | I8: =IFERROR(__xludf.DUMMYFUNCTION("IFERROR(REGEXEXTRACT(E8, ""res(269|122)""), ""none"")"),"none") -> none | J8: -15.296063 | K8: 8 | L8: 3 | M8: 0.25 | N8: 2 | O8: -1.293353 | P8: 100 | Q8: 0 | R8: 0 | S8: 96.660584
A9: /pi/summer.thyme-umw/rosetta_discovery_space/pth2/shapedb_results/refined_conformers/lower_res1_11_shifted/1/PV-004576257327/122/placement/res122_7F16_receptor_only_PV-004576257327_176_5.pdb | B9: PV-004576257327 | C9: ='res122 Ari'!C9 -> decent | D9: ='res122 Ari'!D9 | E9: ='res122 Summer'!C9 -> no | F9: ='res122 Summer'!D9 | G9: ='res122 Mary Shay'!C9 | H9: ='res122 Mary Shay'!D9 | I9: =IFERROR(__xludf.DUMMYFUNCTION("IFERROR(REGEXEXTRACT(E9, ""res(269|122)""), ""none"")"),"none") -> none | J9: -15.047575 | K9: 8 | L9: 4 | M9: 0.25 | N9: 2 | O9: -1.824829 | P9: 100 | Q9: 0 | R9: 0 | S9: 97.377596
A10: /pi/summer.thyme-umw/rosetta_discovery_space/pth2/shapedb_results/refined_conformers/lower_res1_11_shifted/23/PV-004655902680/122/placement/res122_7F16_receptor_only_PV-004655902680_26_5.pdb | B10: PV-004655902680 | C10: ='res122 Ari'!C10 -> decent | D10: ='res122 Ari'!D10 -> can carbonyl point into tyrosine like into a benzene? | E10: ='res122 Summer'!C10 -> yes | F10: ='res122 Summer'!D10 | G10: ='res122 Mary Shay'!C10 | H10: ='res122 Mary Shay'!D10 | I10: =IFERROR(__xludf.DUMMYFUNCTION("IFERROR(REGEXEXTRACT(E10, ""res(269|122)""), ""none"")"),"none") -> none | J10: -15.950047 | K10: 7 | L10: 3 | M10: 0.285714 | N10: 3 | O10: -1.505897 | P10: 100 | Q10: 0 | R10: 0 | S10: 95.82977
A11: /pi/summer.thyme-umw/rosetta_discovery_space/pth2/shapedb_results/refined_conformers/lower_res1_11_shifted/17/PV-004798493641/122/placement/res122_7F16_receptor_only_PV-004798493641_166_0.pdb | B11: PV-004798493641 | C11: ='res122 Ari'!C11 -> maybe | D11: ='res122 Ari'!D11 -> I like binding profile at bottom, but ASN402 could be a problem | E11: ='res122 Summer'!C11 -> maybe | F11: ='res122 Summer'!D11 | G11: ='res122 Mary Shay'!C11 | H11: ='res122 Mary Shay'!D11 | I11: =IFERROR(__xludf.DUMMYFUNCTION("IFERROR(REGEXEXTRACT(E11, ""res(269|122)""), ""none"")"),"none") -> none | J11: -15.642859 | K11: 11 | L11: 3 | M11: 0.272727 | N11: 2 | O11: -1.1816 | P11: 100 | Q11: 0 | R11: 0 | S11: 99.448268
A12: /pi/summer.thyme-umw/rosetta_discovery_space/pth2/shapedb_results/refined_conformers/lower_res5_11_shifted/1/PV-004887538871/122/placement/res122_7F16_receptor_only_PV-004887538871_10_3.pdb | B12: PV-004887538871 | C12: ='res122 Ari'!C12 -> maybe | D12: ='res122 Ari'!D12 -> not great against tyr122 | E12: ='res122 Summer'!C12 -> decent | F12: ='res122 Summer'!D12 | G12: ='res122 Mary Shay'!C12 | H12: ='res122 Mary Shay'!D12 | I12: =IFERROR(__xludf.DUMMYFUNCTION("IFERROR(REGEXEXTRACT(E12, ""res(269|122)""), ""none"")"),"none") -> none | J12: -15.476613 | K12: 12 | L12: 4 | M12: 0.333333 | N12: 2 | O12: -0.623346 | P12: 100 | Q12: 0 | R12: 0 | S12: 102.23337
A13: /pi/summer.thyme-umw/rosetta_discovery_space/pth2/shapedb_results/refined_conformers/lower_res5_11_shifted/10/PV-004894803557/122/placement/res122_7F16_receptor_only_PV-004894803557_120_3.pdb | B13: PV-004894803557 | C13: ='res122 Ari'!C13 -> decent | D13: ='res122 Ari'!D13 | E13: ='res122 Summer'!C13 -> no | F13: ='res122 Summer'!D13 | G13: ='res122 Mary Shay'!C13 | H13: ='res122 Mary Shay'!D13 | I13: =IFERROR(__xludf.DUMMYFUNCTION("IFERROR(REGEXEXTRACT(E13, ""res(269|122)""), ""none"")"),"none") -> none | J13: -16.216217 | K13: 7 | L13: 4 | M13: 0.285714 | N13: 2 | O13: -0.930066 | P13: 100 | Q13: 0 | R13: 0 | S13: 96.139431
A14: /pi/summer.thyme-umw/rosetta_discovery_space/pth2/shapedb_results/refined_conformers/lower_res1_11_shifted/17/PV-004938971812/122/placement/res122_7F16_receptor_only_PV-004938971812_58_0.pdb | B14: PV-004938971812 | C14: ='res122 Ari'!C14 -> maybe | D14: ='res122 Ari'!D14 | E14: ='res122 Summer'!C14 -> no | F14: ='res122 Summer'!D14 | G14: ='res122 Mary Shay'!C14 | H14: ='res122 Mary Shay'!D14 | I14: =IFERROR(__xludf.DUMMYFUNCTION("IFERROR(REGEXEXTRACT(E14, ""res(269|122)""), ""none"")"),"none") -> none | J14: -15.113702 | K14: 8 | L14: 3 | M14: 0.25 | N14: 2 | O14: -0.761492 | P14: 100 | Q14: 0 | R14: 0 | S14: 97.374806
A15: /pi/summer.thyme-umw/rosetta_discovery_space/pth2/shapedb_results/refined_conformers/lower_res5_11_shifted/2/PV-004986901707/122/placement/res122_7F16_receptor_only_PV-004986901707_31_1.pdb | B15: PV-004986901707 | C15: ='res122 Ari'!C15 -> maybe | D15: ='res122 Ari'!D15 -> carbonyl in middle could maybe hit water? | E15: ='res122 Summer'!C15 -> no | F15: ='res122 Summer'!D15 | G15: ='res122 Mary Shay'!C15 | H15: ='res122 Mary Shay'!D15 | I15: =IFERROR(__xludf.DUMMYFUNCTION("IFERROR(REGEXEXTRACT(E15, ""res(269|122)""), ""none"")"),"none") -> none | J15: -15.419001 | K15: 8 | L15: 5 | M15: 0.5 | N15: 3 | O15: -1.097048 | P15: 100 | Q15: 0 | R15: 0 | S15: 99.983951
A16: /pi/summer.thyme-umw/rosetta_discovery_space/pth2/shapedb_results/refined_conformers/lower_res1_11_shifted/0/PV-005198202028/122/placement/res122_7F16_receptor_only_PV-005198202028_82_1.pdb | B16: PV-005198202028 | C16: ='res122 Ari'!C16 -> maybe | D16: ='res122 Ari'!D16 -> phe194 interaction could be bad | E16: ='res122 Summer'!C16 -> maybe | F16: ='res122 Summer'!D16 | G16: ='res122 Mary Shay'!C16 | H16: ='res122 Mary Shay'!D16 | I16: =IFERROR(__xludf.DUMMYFUNCTION("IFERROR(REGEXEXTRACT(E16, ""res(269|122)""), ""none"")"),"none") -> none | J16: -15.695975 | K16: 7 | L16: 5 | M16: 0.428571 | N16: 2 | O16: -0.51858 | P16: 100 | Q16: 0 | R16: 0 | S16: 98.214016
A17: /pi/summer.thyme-umw/rosetta_discovery_space/pth2/shapedb_results/refined_conformers/lower_res1_11_shifted/2/PV-005424082445/122/placement/res122_7F16_receptor_only_PV-005424082445_136_0.pdb | B17: PV-005424082445 | C17: ='res122 Ari'!C17 -> maybe | D17: ='res122 Ari'!D17 | E17: ='res122 Summer'!C17 -> decent | F17: ='res122 Summer'!D17 | G17: ='res122 Mary Shay'!C17 | H17: ='res122 Mary Shay'!D17 | I17: =IFERROR(__xludf.DUMMYFUNCTION("IFERROR(REGEXEXTRACT(E17, ""res(269|122)""), ""none"")"),"none") -> none | J17: -15.040718 | K17: 6 | L17: 3 | M17: 0.333333 | N17: 2 | O17: -1.138986 | P17: 100 | Q17: 0 | R17: 0 | S17: 95.153629
A18: /pi/summer.thyme-umw/rosetta_discovery_space/pth2/shapedb_results/refined_conformers/lower_res1_11_shifted/25/PV-005510814641/122/placement/res122_7F16_receptor_only_PV-005510814641_23_0.pdb | B18: PV-005510814641 | C18: ='res122 Ari'!C18 -> decent | D18: ='res122 Ari'!D18 -> I like all the intereactions and maybe tyr188 could work | E18: ='res122 Summer'!C18 -> yes | F18: ='res122 Summer'!D18 | G18: ='res122 Mary Shay'!C18 | H18: ='res122 Mary Shay'!D18 | I18: =IFERROR(__xludf.DUMMYFUNCTION("IFERROR(REGEXEXTRACT(E18, ""res(269|122)""), ""none"")"),"none") -> none | J18: -15.260381 | K18: 8 | L18: 3 | M18: 0.25 | N18: 3 | O18: -1.428861 | P18: 100 | Q18: 0 | R18: 0 | S18: 97.560758
A19: /pi/summer.thyme-umw/rosetta_discovery_space/pth2/shapedb_results/refined_conformers/lower_res1_11_shifted/39/PV-005707415833/122/placement/res122_7F16_receptor_only_PV-005707415833_54_0.pdb | B19: PV-005707415833 | C19: ='res122 Ari'!C19 -> decent | D19: ='res122 Ari'!D19 -> maybe water could satisfy glu398 | E19: ='res122 Summer'!C19 -> no | F19: ='res122 Summer'!D19 | G19: ='res122 Mary Shay'!C19 | H19: ='res122 Mary Shay'!D19 | I19: =IFERROR(__xludf.DUMMYFUNCTION("IFERROR(REGEXEXTRACT(E19, ""res(269|122)""), ""none"")"),"none") -> none | J19: -16.747691 | K19: 10 | L19: 4 | M19: 0.4 | N19: 2 | O19: -1.533959 | P19: 100 | Q19: 0 | R19: 0 | S19: 98.11835
A20: /pi/summer.thyme-umw/rosetta_discovery_space/pth2/shapedb_results/refined_conformers/lower_res5_11_shifted/6/PV-005718401883/122/placement/res122_7F16_receptor_only_PV-005718401883_69_3.pdb | B20: PV-005718401883 | C20: ='res122 Ari'!C20 -> maybe | D20: ='res122 Ari'!D20 | E20: ='res122 Summer'!C20 -> no | F20: ='res122 Summer'!D20 | G20: ='res122 Mary Shay'!C20 | H20: ='res122 Mary Shay'!D20 | I20: =IFERROR(__xludf.DUMMYFUNCTION("IFERROR(REGEXEXTRACT(E20, ""res(269|122)""), ""none"")"),"none") -> none | J20: -15.251888 | K20: 10 | L20: 4 | M20: 0.4 | N20: 2 | O20: -0.922495 | P20: 100 | Q20: 0 | R20: 0 | S20: 100.22562
A21: /pi/summer.thyme-umw/rosetta_discovery_space/pth2/shapedb_results/refined_conformers/lower_res1_11_shifted/33/PV-005755365192/122/placement/res122_7F16_receptor_only_PV-005755365192_61_5.pdb | B21: PV-005755365192 | C21: ='res122 Ari'!C21 -> maybe | D21: ='res122 Ari'!D21 | E21: ='res122 Summer'!C21 -> no | F21: ='res122 Summer'!D21 | G21: ='res122 Mary Shay'!C21 | H21: ='res122 Mary Shay'!D21 | I21: =IFERROR(__xludf.DUMMYFUNCTION("IFERROR(REGEXEXTRACT(E21, ""res(269|122)""), ""none"")"),"none") -> none | J21: -15.933583 | K21: 10 | L21: 4 | M21: 0.4 | N21: 3 | O21: -0.861401 | P21: 100 | Q21: 0 | R21: 0 | S21: 100.60502
A22: /pi/summer.thyme-umw/rosetta_discovery_space/pth2/shapedb_results/refined_conformers/lower_res1_11_shifted/26/PV-005853342661/122/placement/res122_7F16_receptor_only_PV-005853342661_19_1.pdb | B22: PV-005853342661 | C22: ='res122 Ari'!C22 -> maybe | D22: ='res122 Ari'!D22 | E22: ='res122 Summer'!C22 -> maybe | F22: ='res122 Summer'!D22 | G22: ='res122 Mary Shay'!C22 | H22: ='res122 Mary Shay'!D22 | I22: =IFERROR(__xludf.DUMMYFUNCTION("IFERROR(REGEXEXTRACT(E22, ""res(269|122)""), ""none"")"),"none") -> none | J22: -15.3418 | K22: 9 | L22: 4 | M22: 0.333333 | N22: 2 | O22: -1.486109 | P22: 100 | Q22: 0 | R22: 0 | S22: 98.505424
A23: /pi/summer.thyme-umw/rosetta_discovery_space/pth2/shapedb_results/refined_conformers/lower_res1_11_shifted/33/PV-005890621085/122/placement/res122_7F16_receptor_only_PV-005890621085_19_0.pdb | B23: PV-005890621085 | C23: ='res122 Ari'!C23 -> maybe | D23: ='res122 Ari'!D23 | E23: ='res122 Summer'!C23 -> decent | F23: ='res122 Summer'!D23 | G23: ='res122 Mary Shay'!C23 | H23: ='res122 Mary Shay'!D23 | I23: =IFERROR(__xludf.DUMMYFUNCTION("IFERROR(REGEXEXTRACT(E23, ""res(269|122)""), ""none"")"),"none") -> none | J23: -16.481134 | K23: 7 | L23: 3 | M23: 0.285714 | N23: 2 | O23: -1.079586 | P23: 100 | Q23: 0 | R23: 0 | S23: 94.724994
A24: /pi/summer.thyme-umw/rosetta_discovery_space/pth2/shapedb_results/refined_conformers/lower_res1_11_shifted/0/PV-006198527401/122/placement/res122_7F16_receptor_only_PV-006198527401_21_4.pdb | B24: PV-006198527401 | C24: ='res122 Ari'!C24 -> decent | D24: ='res122 Ari'!D24 -> a lot of questionable interactions seem corroborated by real motifs | E24: ='res122 Summer'!C24 -> decent | F24: ='res122 Summer'!D24 | G24: ='res122 Mary Shay'!C24 | H24: ='res122 Mary Shay'!D24 | I24: =IFERROR(__xludf.DUMMYFUNCTION("IFERROR(REGEXEXTRACT(E24, ""res(269|122)""), ""none"")"),"none") -> none | J24: -15.209335 | K24: 9 | L24: 3 | M24: 0.555556 | N24: 2 | O24: -0.616797 | P24: 100 | Q24: 0 | R24: 0 | S24: 98.729424
A25: /pi/summer.thyme-umw/rosetta_discovery_space/pth2/shapedb_results/refined_conformers/lower_res1_11_shifted/18/PV-006238161235/122/placement/res122_7F16_receptor_only_PV-006238161235_54_0.pdb | B25: PV-006238161235 | C25: ='res122 Ari'!C25 -> decent | D25: ='res122 Ari'!D25 | E25: ='res122 Summer'!C25 -> no | F25: ='res122 Summer'!D25 | G25: ='res122 Mary Shay'!C25 | H25: ='res122 Mary Shay'!D25 | I25: =IFERROR(__xludf.DUMMYFUNCTION("IFERROR(REGEXEXTRACT(E25, ""res(269|122)""), ""none"")"),"none") -> none | J25: -16.256898 | K25: 11 | L25: 4 | M25: 0.272727 | N25: 2 | O25: -1.787076 | P25: 100 | Q25: 0 | R25: 0 | S25: 99.228753
A26: /pi/summer.thyme-umw/rosetta_discovery_space/pth2/shapedb_results/refined_conformers/lower_res1_11_shifted/34/PV-006332485654/122/placement/res122_7F16_receptor_only_PV-006332485654_195_1.pdb | B26: PV-006332485654 | C26: ='res122 Ari'!C26 -> maybe | D26: ='res122 Ari'!D26 | E26: ='res122 Summer'!C26 -> maybe | F26: ='res122 Summer'!D26 | G26: ='res122 Mary Shay'!C26 | H26: ='res122 Mary Shay'!D26 | I26: =IFERROR(__xludf.DUMMYFUNCTION("IFERROR(REGEXEXTRACT(E26, ""res(269|122)""), ""none"")"),"none") -> none | J26: -17.376492 | K26: 6 | L26: 3 | M26: 0.333333 | N26: 2 | O26: -0.775723 | P26: 100 | Q26: 0 | R26: 0 | S26: 93.181118
A27: /pi/summer.thyme-umw/rosetta_discovery_space/pth2/shapedb_results/refined_conformers/lower_res1_11_shifted/34/PV-006630775433/122/placement/res122_7F16_receptor_only_PV-006630775433_204_2.pdb | B27: PV-006630775433 | C27: ='res122 Ari'!C27 -> maybe | D27: ='res122 Ari'!D27 | E27: ='res122 Summer'!C27 -> decent | F27: ='res122 Summer'!D27 | G27: ='res122 Mary Shay'!C27 | H27: ='res122 Mary Shay'!D27 | I27: =IFERROR(__xludf.DUMMYFUNCTION("IFERROR(REGEXEXTRACT(E27, ""res(269|122)""), ""none"")"),"none") -> none | J27: -17.724274 | K27: 8 | L27: 3 | M27: 0.25 | N27: 2 | O27: -1.29153 | P27: 100 | Q27: 0 | R27: 0 | S27: 94.234196
A28: /pi/summer.thyme-umw/rosetta_discovery_space/pth2/shapedb_results/refined_conformers/lower_res1_11_shifted/35/Z1449053877/122/placement/res122_7F16_receptor_only_Z1449053877_143_1.pdb | B28: Z1449053877 | C28: ='res122 Ari'!C28 -> maybe | D28: ='res122 Ari'!D28 | E28: ='res122 Summer'!C28 -> maybe | F28: ='res122 Summer'!D28 | G28: ='res122 Mary Shay'!C28 | H28: ='res122 Mary Shay'!D28 | I28: =IFERROR(__xludf.DUMMYFUNCTION("IFERROR(REGEXEXTRACT(E28, ""res(269|122)""), ""none"")"),"none") -> none | J28: -16.569372 | K28: 8 | L28: 3 | M28: 0.5 | N28: 2 | O28: -0.987431 | P28: 100 | Q28: 0 | R28: 0 | S28: 95.943197
A29: /pi/summer.thyme-umw/rosetta_discovery_space/pth2/shapedb_results/refined_conformers/lower_res1_11_shifted/39/Z1472467618/122/placement/res122_7F16_receptor_only_Z1472467618_141_1.pdb | B29: Z1472467618 | C29: ='res122 Ari'!C29 -> maybe | D29: ='res122 Ari'!D29 | E29: ='res122 Summer'!C29 -> decent | F29: ='res122 Summer'!D29 | G29: ='res122 Mary Shay'!C29 | H29: ='res122 Mary Shay'!D29 | I29: =IFERROR(__xludf.DUMMYFUNCTION("IFERROR(REGEXEXTRACT(E29, ""res(269|122)""), ""none"")"),"none") -> none | J29: -16.448389 | K29: 9 | L29: 3 | M29: 0.333333 | N29: 2 | O29: -1.562614 | P29: 100 | Q29: 0 | R29: 0 | S29: 96.32233
A30: /pi/summer.thyme-umw/rosetta_discovery_space/pth2/shapedb_results/refined_conformers/lower_res1_11_shifted/4/Z1521810617/122/placement/res122_7F16_receptor_only_Z1521810617_4_7.pdb | B30: Z1521810617 | C30: ='res122 Ari'!C30 -> maybe | D30: ='res122 Ari'!D30 | E30: ='res122 Summer'!C30 -> decent | F30: ='res122 Summer'!D30 | G30: ='res122 Mary Shay'!C30 | H30: ='res122 Mary Shay'!D30 | I30: =IFERROR(__xludf.DUMMYFUNCTION("IFERROR(REGEXEXTRACT(E30, ""res(269|122)""), ""none"")"),"none") -> none | J30: -16.810235 | K30: 9 | L30: 3 | M30: 0.444444 | N30: 2 | O30: -0.880047 | P30: 100 | Q30: 0 | R30: 0 | S30: 96.754162
A31: /pi/summer.thyme-umw/rosetta_discovery_space/pth2/shapedb_results/refined_conformers/lower_res5_11_shifted/7/Z1635074496/122/placement/res122_7F16_receptor_only_Z1635074496_50_0.pdb | B31: Z1635074496 | C31: ='res122 Ari'!C31 -> maybe | D31: ='res122 Ari'!D31 | E31: ='res122 Summer'!C31 -> no | F31: ='res122 Summer'!D31 | G31: ='res122 Mary Shay'!C31 | H31: ='res122 Mary Shay'!D31 | I31: =IFERROR(__xludf.DUMMYFUNCTION("IFERROR(REGEXEXTRACT(E31, ""res(269|122)""), ""none"")"),"none") -> none | J31: -15.466932 | K31: 7 | L31: 3 | M31: 0.285714 | N31: 2 | O31: -1.068929 | P31: 100 | Q31: 0 | R31: 0 | S31: 95.749853
A32: /pi/summer.thyme-umw/rosetta_discovery_space/pth2/shapedb_results/refined_conformers/lower_res1_11_shifted/18/Z1712441482/122/placement/res122_7F16_receptor_only_Z1712441482_38_2.pdb | B32: Z1712441482 | C32: ='res122 Ari'!C32 -> maybe | D32: ='res122 Ari'!D32 | E32: ='res122 Summer'!C32 -> decent | F32: ='res122 Summer'!D32 | G32: ='res122 Mary Shay'!C32 | H32: ='res122 Mary Shay'!D32 | I32: =IFERROR(__xludf.DUMMYFUNCTION("IFERROR(REGEXEXTRACT(E32, ""res(269|122)""), ""none"")"),"none") -> none | J32: -15.035637 | K32: 8 | L32: 4 | M32: 0.25 | N32: 2 | O32: -0.915905 | P32: 100 | Q32: 0 | R32: 0 | S32: 98.298458
A33: /pi/summer.thyme-umw/rosetta_discovery_space/pth2/shapedb_results/refined_conformers/lower_res1_11_shifted/22/Z1890281904/122/placement/res122_7F16_receptor_only_Z1890281904_170_0.pdb | B33: Z1890281904 | C33: ='res122 Ari'!C33 -> maybe | D33: ='res122 Ari'!D33 | E33: ='res122 Summer'!C33 -> no | F33: ='res122 Summer'!D33 | G33: ='res122 Mary Shay'!C33 | H33: ='res122 Mary Shay'!D33 | I33: =IFERROR(__xludf.DUMMYFUNCTION("IFERROR(REGEXEXTRACT(E33, ""res(269|122)""), ""none"")"),"none") -> none | J33: -16.448683 | K33: 7 | L33: 4 | M33: 0.428571 | N33: 2 | O33: -1.118176 | P33: 100 | Q33: 0 | R33: 0 | S33: 95.861712
A34: /pi/summer.thyme-umw/rosetta_discovery_space/pth2/shapedb_results/refined_conformers/lower_res1_11_shifted/11/Z1900476180/122/placement/res122_7F16_receptor_only_Z1900476180_242_0.pdb | B34: Z1900476180 | C34: ='res122 Ari'!C34 -> maybe | D34: ='res122 Ari'!D34 | E34: ='res122 Summer'!C34 -> no | F34: ='res122 Summer'!D34 | G34: ='res122 Mary Shay'!C34 | H34: ='res122 Mary Shay'!D34 | I34: =IFERROR(__xludf.DUMMYFUNCTION("IFERROR(REGEXEXTRACT(E34, ""res(269|122)""), ""none"")"),"none") -> none | J34: -15.291041 | K34: 8 | L34: 3 | M34: 0.375 | N34: 2 | O34: -0.739299 | P34: 100 | Q34: 0 | R34: 0 | S34: 97.34466
A35: /pi/summer.thyme-umw/rosetta_discovery_space/pth2/shapedb_results/refined_conformers/lower_res1_11_shifted/1/Z2172130424/122/placement/res122_7F16_receptor_only_Z2172130424_163_1.pdb | B35: Z2172130424 | C35: ='res122 Ari'!C35 -> maybe | D35: ='res122 Ari'!D35 | E35: ='res122 Summer'!C35 -> no | F35: ='res122 Summer'!D35 | G35: ='res122 Mary Shay'!C35 | H35: ='res122 Mary Shay'!D35 | I35: =IFERROR(__xludf.DUMMYFUNCTION("IFERROR(REGEXEXTRACT(E35, ""res(269|122)""), ""none"")"),"none") -> none | J35: -15.786774 | K35: 8 | L35: 4 | M35: 0.25 | N35: 3 | O35: -1.312683 | P35: 100 | Q35: 0 | R35: 0 | S35: 98.150543
A36: /pi/summer.thyme-umw/rosetta_discovery_space/pth2/shapedb_results/refined_conformers/lower_res5_11_shifted/5/Z2185392665/122/placement/res122_7F16_receptor_only_Z2185392665_53_4.pdb | B36: Z2185392665 | C36: ='res122 Ari'!C36 -> maybe | D36: ='res122 Ari'!D36 | E36: ='res122 Summer'!C36 -> no | F36: ='res122 Summer'!D36 | G36: ='res122 Mary Shay'!C36 | H36: ='res122 Mary Shay'!D36 | I36: =IFERROR(__xludf.DUMMYFUNCTION("IFERROR(REGEXEXTRACT(E36, ""res(269|122)""), ""none"")"),"none") -> none | J36: -15.074335 | K36: 8 | L36: 3 | M36: 0.25 | N36: 3 | O36: -2.102802 | P36: 100 | Q36: 0 | R36: 0 | S36: 97.072863
A37: /pi/summer.thyme-umw/rosetta_discovery_space/pth2/shapedb_results/refined_conformers/lower_res1_11_shifted/38/Z2230306060/122/placement/res122_7F16_receptor_only_Z2230306060_14_2.pdb | B37: Z2230306060 | C37: ='res122 Ari'!C37 -> decent | D37: ='res122 Ari'!D37 -> this looks pretty good and the ring with S and N could maybe just flip to hit PHE111 a lot better | E37: ='res122 Summer'!C37 -> no | F37: ='res122 Summer'!D37 | G37: ='res122 Mary Shay'!C37 | H37: ='res122 Mary Shay'!D37 | I37: =IFERROR(__xludf.DUMMYFUNCTION("IFERROR(REGEXEXTRACT(E37, ""res(269|122)""), ""none"")"),"none") -> none | J37: -16.056932 | K37: 7 | L37: 3 | M37: 0.571429 | N37: 2 | O37: -0.884192 | P37: 100 | Q37: 0 | R37: 0 | S37: 95.630305
A38: /pi/summer.thyme-umw/rosetta_discovery_space/pth2/shapedb_results/refined_conformers/lower_res5_11_shifted/0/Z3011172425/122/placement/res122_7F16_receptor_only_Z3011172425_6_0.pdb | B38: Z3011172425 | C38: ='res122 Ari'!C38 -> maybe | D38: ='res122 Ari'!D38 | E38: ='res122 Summer'!C38 -> decent | F38: ='res122 Summer'!D38 | G38: ='res122 Mary Shay'!C38 | H38: ='res122 Mary Shay'!D38 | I38: =IFERROR(__xludf.DUMMYFUNCTION("IFERROR(REGEXEXTRACT(E38, ""res(269|122)""), ""none"")"),"none") -> none | J38: -17.375967 | K38: 8 | L38: 3 | M38: 0.25 | N38: 2 | O38: -1.320226 | P38: 100 | Q38: 0 | R38: 0 | S38: 94.553807
A39: /pi/summer.thyme-umw/rosetta_discovery_space/pth2/shapedb_results/refined_conformers/lower_res1_11_shifted/23/Z3541565108/122/placement/res122_7F16_receptor_only_Z3541565108_89_7.pdb | B39: Z3541565108 | C39: ='res122 Ari'!C39 -> maybe | D39: ='res122 Ari'!D39 | E39: ='res122 Summer'!C39 -> maybe | F39: ='res122 Summer'!D39 -> issue with carbonyl | G39: ='res122 Mary Shay'!C39 | H39: ='res122 Mary Shay'!D39 | I39: =IFERROR(__xludf.DUMMYFUNCTION("IFERROR(REGEXEXTRACT(E39, ""res(269|122)""), ""none"")"),"none") -> none | J39: -17.093997 | K39: 10 | L39: 3 | M39: 0.3 | N39: 2 | O39: -0.77841 | P39: 100 | Q39: 0 | R39: 0 | S39: 97.427593
A40: /pi/summer.thyme-umw/rosetta_discovery_space/pth2/shapedb_results/refined_conformers/lower_res1_11_shifted/4/Z373510144/122/placement/res122_7F16_receptor_only_Z373510144_152_4.pdb | B40: Z373510144 | C40: ='res122 Ari'!C40 -> yes | D40: ='res122 Ari'!D40 -> I don't really see anything bad about this, it is stabilized with multiple hbonds across the pocket | E40: ='res122 Summer'!C40 -> yes | F40: ='res122 Summer'!D40 | G40: ='res122 Mary Shay'!C40 | H40: ='res122 Mary Shay'!D40 | I40: =IFERROR(__xludf.DUMMYFUNCTION("IFERROR(REGEXEXTRACT(E40, ""res(269|122)""), ""none"")"),"none") -> none | J40: -17.086206 | K40: 7 | L40: 4 | M40: 0.285714 | N40: 3 | O40: -1.038701 | P40: 100 | Q40: 0 | R40: 0 | S40: 96.160807
A41: /pi/summer.thyme-umw/rosetta_discovery_space/pth2/shapedb_results/refined_conformers/lower_res1_11_shifted/32/Z410608138/122/placement/res122_7F16_receptor_only_Z410608138_27_7.pdb | B41: Z410608138 | C41: ='res122 Ari'!C41 -> decent | D41: ='res122 Ari'!D41 | E41: ='res122 Summer'!C41 -> decent | F41: ='res122 Summer'!D41 -> some issues with nitrogen hydrogens, but asn344 could rotate | G41: ='res122 Mary Shay'!C41 | H41: ='res122 Mary Shay'!D41 | I41: =IFERROR(__xludf.DUMMYFUNCTION("IFERROR(REGEXEXTRACT(E41, ""res(269|122)""), ""none"")"),"none") -> none | J41: -15.386234 | K41: 11 | L41: 4 | M41: 0.454545 | N41: 2 | O41: -0.508212 | P41: 100 | Q41: 0 | R41: 0 | S41: 101.5601
A42: /pi/summer.thyme-umw/rosetta_discovery_space/pth2/shapedb_results/refined_conformers/lower_res1_11_shifted/23/Z4403343830/122/placement/res122_7F16_receptor_only_Z4403343830_181_8.pdb | B42: Z4403343830 | C42: ='res122 Ari'!C42 -> decent | D42: ='res122 Ari'!D42 | E42: ='res122 Summer'!C42 -> maybe | F42: ='res122 Summer'!D42 | G42: ='res122 Mary Shay'!C42 | H42: ='res122 Mary Shay'!D42 | I42: =IFERROR(__xludf.DUMMYFUNCTION("IFERROR(REGEXEXTRACT(E42, ""res(269|122)""), ""none"")"),"none") -> none | J42: -16.231911 | K42: 12 | L42: 2 | M42: 0.25 | N42: 2 | O42: -0.38947 | P42: 100 | Q42: 0 | R42: 0 | S42: 99.628619
A43: /pi/summer.thyme-umw/rosetta_discovery_space/pth2/shapedb_results/refined_conformers/lower_res1_11_shifted/19/Z4510084000/122/placement/res122_7F16_receptor_only_Z4510084000_121_0.pdb | B43: Z4510084000 | C43: ='res122 Ari'!C43 -> maybe | D43: ='res122 Ari'!D43 -> if we trust that N ring to hit waters, it's probably fine | E43: ='res122 Summer'!C43 -> no | F43: ='res122 Summer'!D43 | G43: ='res122 Mary Shay'!C43 | H43: ='res122 Mary Shay'!D43 | I43: =IFERROR(__xludf.DUMMYFUNCTION("IFERROR(REGEXEXTRACT(E43, ""res(269|122)""), ""none"")"),"none") -> none | J43: -15.527357 | K43: 8 | L43: 3 | M43: 0.25 | N43: 2 | O43: -0.966032 | P43: 100 | Q43: 0 | R43: 0 | S43: 96.756611
A44: /pi/summer.thyme-umw/rosetta_discovery_space/pth2/shapedb_results/refined_conformers/lower_res5_11_shifted/0/Z994147138/122/placement/res122_7F16_receptor_only_Z994147138_207_0.pdb | B44: Z994147138 | C44: ='res122 Ari'!C44 -> maybe | D44: ='res122 Ari'!D44 | E44: ='res122 Summer'!C44 -> maybe | F44: ='res122 Summer'!D44 | G44: ='res122 Mary Shay'!C44 | H44: ='res122 Mary Shay'!D44 | I44: =IFERROR(__xludf.DUMMYFUNCTION("IFERROR(REGEXEXTRACT(E44, ""res(269|122)""), ""none"")"),"none") -> none | J44: -15.777823 | K44: 9 | L44: 4 | M44: 0.333333 | N44: 2 | O44: -1.671146 | P44: 100 | Q44: 0 | R44: 0 | S44: 97.884364
G45: ='res122 Mary Shay'!C45 | H45: ='res122 Mary Shay'!D45
G46: ='res122 Mary Shay'!C46 | H46: ='res122 Mary Shay'!D46
G47: ='res122 Mary Shay'!C47 | H47: ='res122 Mary Shay'!D47
G48: ='res122 Mary Shay'!C48 | H48: ='res122 Mary Shay'!D48
G49: ='res122 Mary Shay'!C49 | H49: ='res122 Mary Shay'!D49
G50: ='res122 Mary Shay'!C50 | H50: ='res122 Mary Shay'!D50
G51: ='res122 Mary Shay'!C51 | H51: ='res122 Mary Shay'!D51
G52: ='res122 Mary Shay'!C52 | H52: ='res122 Mary Shay'!D52
G53: ='res122 Mary Shay'!C53 | H53: ='res122 Mary Shay'!D53
G54: ='res122 Mary Shay'!C54 | H54: ='res122 Mary Shay'!D54
G55: ='res122 Mary Shay'!C55 | H55: ='res122 Mary Shay'!D55
G56: ='res122 Mary Shay'!C56 | H56: ='res122 Mary Shay'!D56
... G129: ='res122 Mary Shay'!C129 | H129: ='res122 Mary Shay'!D129

Sheet res269 All Thoughts
A1: file | B1: ligand_name | C1: Does Ari Like? | D1: Comments | E1: Does Summer Like? | F1: Comments | G1: Does Mary Shay Like? | H1: Comments | I1: anchor | J1: ddg | K1: total_motifs | L1: significant_motifs | M1: real_motif_ratio | N1: hbond_motif_count | O1: hbond_motif_energy_sum | P1: closest_autodock_recovery_rmsd | Q1: closest_autodock_recovery_ddg | R1: strain_energy | S1: total
A2: /pi/summer.thyme-umw/rosetta_discovery_space/pth2/shapedb_results/refined_conformers/lower_res1_11_shifted/36/PV-000366782609/269/placement/res269_7F16_receptor_only_PV-000366782609_149_11.pdb | B2: PV-000366782609 | C2: ='res269 Ari'!C2 -> maybe | D2: ='res269 Ari'!D2 | E2: ='res269 Summer'!C2 -> decent | F2: ='res269 Summer'!D2 | G2: ='res269 Mary Shay'!C2 | H2: ='res269 Mary Shay'!D2 | I2: =IFERROR(__xludf.DUMMYFUNCTION("IFERROR(REGEXEXTRACT(E2, ""res(269|122)""), ""none"")"),"none") -> none | J2: -16.620105 | K2: 12 | L2: 3 | M2: 0.416667 | N2: 2 | O2: -0.664324 | P2: 100 | Q2: 0 | R2: 0 | S2: 100.13224
A3: /pi/summer.thyme-umw/rosetta_discovery_space/pth2/shapedb_results/refined_conformers/lower_res1_11_shifted/20/PV-000431210683/269/placement/res269_7F16_receptor_only_PV-000431210683_22_9.pdb | B3: PV-000431210683 | C3: ='res269 Ari'!C3 -> maybe | D3: ='res269 Ari'!D3 -> very similar to PV-000431376370 with different terminal ring | E3: ='res269 Summer'!C3 -> no | F3: ='res269 Summer'!D3 | G3: ='res269 Mary Shay'!C3 | H3: ='res269 Mary Shay'!D3 | I3: =IFERROR(__xludf.DUMMYFUNCTION("IFERROR(REGEXEXTRACT(E3, ""res(269|122)""), ""none"")"),"none") -> none | J3: -16.020646 | K3: 9 | L3: 1 | M3: 0.333333 | N3: 3 | O3: -2.057194 | P3: 100 | Q3: 0 | R3: 0 | S3: 95.255493
A4: /pi/summer.thyme-umw/rosetta_discovery_space/pth2/shapedb_results/refined_conformers/lower_res1_11_shifted/14/PV-000431376370/269/placement/res269_7F16_receptor_only_PV-000431376370_22_7.pdb | B4: PV-000431376370 | C4: ='res269 Ari'!C4 -> maybe | D4: ='res269 Ari'!D4 -> very similar to PV-000431210683 with different terminal ring | E4: ='res269 Summer'!C4 -> no | F4: ='res269 Summer'!D4 | G4: ='res269 Mary Shay'!C4 | H4: ='res269 Mary Shay'!D4 | I4: =IFERROR(__xludf.DUMMYFUNCTION("IFERROR(REGEXEXTRACT(E4, ""res(269|122)""), ""none"")"),"none") -> none | J4: -16.416697 | K4: 9 | L4: 1 | M4: 0.333333 | N4: 3 | O4: -2.107731 | P4: 100 | Q4: 0 | R4: 0 | S4: 94.808905
A5: /pi/summer.thyme-umw/rosetta_discovery_space/pth2/shapedb_results/refined_conformers/lower_res5_11_shifted/1/PV-000518115177/269/placement/res269_7F16_receptor_only_PV-000518115177_94_0.pdb | B5: PV-000518115177 | C5: ='res269 Ari'!C5 -> decent | D5: ='res269 Ari'!D5 | E5: ='res269 Summer'!C5 -> decent | F5: ='res269 Summer'!D5 | G5: ='res269 Mary Shay'!C5 | H5: ='res269 Mary Shay'!D5 | I5: =IFERROR(__xludf.DUMMYFUNCTION("IFERROR(REGEXEXTRACT(E5, ""res(269|122)""), ""none"")"),"none") -> none | J5: -15.124595 | K5: 8 | L5: 5 | M5: 0.375 | N5: 2 | O5: -0.84012 | P5: 100 | Q5: 0 | R5: 0 | S5: 99.410285
A6: /pi/summer.thyme-umw/rosetta_discovery_space/pth2/shapedb_results/refined_conformers/lower_res1_11_shifted/19/PV-001297977758/269/placement/res269_7F16_receptor_only_PV-001297977758_137_5.pdb | B6: PV-001297977758 | C6: ='res269 Ari'!C6 -> maybe | D6: ='res269 Ari'!D6 | E6: ='res269 Summer'!C6 -> no | F6: ='res269 Summer'!D6 | G6: ='res269 Mary Shay'!C6 | H6: ='res269 Mary Shay'!D6 | I6: =IFERROR(__xludf.DUMMYFUNCTION("IFERROR(REGEXEXTRACT(E6, ""res(269|122)""), ""none"")"),"none") -> none | J6: -15.247766 | K6: 6 | L6: 2 | M6: 0.333333 | N6: 3 | O6: -1.003179 | P6: 100 | Q6: 0 | R6: 0 | S6: 95.082388
A7: /pi/summer.thyme-umw/rosetta_discovery_space/pth2/shapedb_results/refined_conformers/lower_res1_11_shifted/26/PV-001577237854/269/placement/res269_7F16_receptor_only_PV-001577237854_122_9.pdb | B7: PV-001577237854 | C7: ='res269 Ari'!C7 -> maybe | D7: ='res269 Ari'!D7 | E7: ='res269 Summer'!C7 -> decent | F7: ='res269 Summer'!D7 | G7: ='res269 Mary Shay'!C7 | H7: ='res269 Mary Shay'!D7 | I7: =IFERROR(__xludf.DUMMYFUNCTION("IFERROR(REGEXEXTRACT(E7, ""res(269|122)""), ""none"")"),"none") -> none | J7: -15.234041 | K7: 8 | L7: 3 | M7: 0.25 | N7: 3 | O7: -0.552818 | P7: 100 | Q7: 0 | R7: 0 | S7: 98.463141
A8: /pi/summer.thyme-umw/rosetta_discovery_space/pth2/shapedb_results/refined_conformers/lower_res5_11_shifted/1/PV-001699308763/269/placement/res269_7F16_receptor_only_PV-001699308763_175_2.pdb | B8: PV-001699308763 | C8: ='res269 Ari'!C8 -> decent | D8: ='res269 Ari'!D8 | E8: ='res269 Summer'!C8 -> decent | F8: ='res269 Summer'!D8 | G8: ='res269 Mary Shay'!C8 | H8: ='res269 Mary Shay'!D8 | I8: =IFERROR(__xludf.DUMMYFUNCTION("IFERROR(REGEXEXTRACT(E8, ""res(269|122)""), ""none"")"),"none") -> none | J8: -15.196061 | K8: 7 | L8: 2 | M8: 0.285714 | N8: 2 | O8: -1.471521 | P8: 100 | Q8: 0 | R8: 0 | S8: 94.618132
A9: /pi/summer.thyme-umw/rosetta_discovery_space/pth2/shapedb_results/refined_conformers/lower_res1_11_shifted/24/PV-002679704048/269/placement/res269_7F16_receptor_only_PV-002679704048_67_2.pdb | B9: PV-002679704048 | C9: ='res269 Ari'!C9 -> maybe | D9: ='res269 Ari'!D9 | E9: ='res269 Summer'!C9 -> no | F9: ='res269 Summer'!D9 | G9: ='res269 Mary Shay'!C9 | H9: ='res269 Mary Shay'!D9 | I9: =IFERROR(__xludf.DUMMYFUNCTION("IFERROR(REGEXEXTRACT(E9, ""res(269|122)""), ""none"")"),"none") -> none | J9: -15.475748 | K9: 11 | L9: 1 | M9: 0.272727 | N9: 2 | O9: -0.318571 | P9: 100 | Q9: 0 | R9: 0 | S9: 98.478408
A10: /pi/summer.thyme-umw/rosetta_discovery_space/pth2/shapedb_results/refined_conformers/lower_res1_11_shifted/20/PV-004219895018/269/placement/res269_7F16_receptor_only_PV-004219895018_173_2.pdb | B10: PV-004219895018 | C10: ='res269 Ari'!C10 -> maybe | D10: ='res269 Ari'!D10 | E10: ='res269 Summer'!C10 -> no | F10: ='res269 Summer'!D10 | G10: ='res269 Mary Shay'!C10 | H10: ='res269 Mary Shay'!D10 | I10: =IFERROR(__xludf.DUMMYFUNCTION("IFERROR(REGEXEXTRACT(E10, ""res(269|122)""), ""none"")"),"none") -> none | J10: -15.217109 | K10: 8 | L10: 2 | M10: 0.25 | N10: 3 | O10: -1.096035 | P10: 100 | Q10: 0 | R10: 0 | S10: 96.936856
A11: /pi/summer.thyme-umw/rosetta_discovery_space/pth2/shapedb_results/refined_conformers/lower_res1_11_shifted/28/PV-004359981113/269/placement/res269_7F16_receptor_only_PV-004359981113_214_0.pdb | B11: PV-004359981113 | C11: ='res269 Ari'!C11 -> maybe | D11: ='res269 Ari'!D11 -> same pose as PV-004359981114, enantiomer | E11: ='res269 Summer'!C11 -> no | F11: ='res269 Summer'!D11 | G11: ='res269 Mary Shay'!C11 | H11: ='res269 Mary Shay'!D11 | I11: =IFERROR(__xludf.DUMMYFUNCTION("IFERROR(REGEXEXTRACT(E11, ""res(269|122)""), ""none"")"),"none") -> none | J11: -16.067978 | K11: 10 | L11: 3 | M11: 0.4 | N11: 4 | O11: -1.686262 | P11: 100 | Q11: 0 | R11: 0 | S11: 99.64576
A12: /pi/summer.thyme-umw/rosetta_discovery_space/pth2/shapedb_results/refined_conformers/lower_res1_11_shifted/28/PV-004359981114/269/placement/res269_7F16_receptor_only_PV-004359981114_214_0.pdb | B12: PV-004359981114 | C12: ='res269 Ari'!C12 -> maybe | D12: ='res269 Ari'!D12 -> same pose as PV-004359981113, enantiomer | E12: ='res269 Summer'!C12 -> no | F12: ='res269 Summer'!D12 | G12: ='res269 Mary Shay'!C12 | H12: ='res269 Mary Shay'!D12 | I12: =IFERROR(__xludf.DUMMYFUNCTION("IFERROR(REGEXEXTRACT(E12, ""res(269|122)""), ""none"")"),"none") -> none | J12: -16.067978 | K12: 10 | L12: 3 | M12: 0.4 | N12: 4 | O12: -1.686262 | P12: 100 | Q12: 0 | R12: 0 | S12: 99.64576
A13: /pi/summer.thyme-umw/rosetta_discovery_space/pth2/shapedb_results/refined_conformers/lower_res5_11_shifted/5/PV-004375868397/269/placement/res269_7F16_receptor_only_PV-004375868397_169_0.pdb | B13: PV-004375868397 | C13: ='res269 Ari'!C13 -> maybe | D13: ='res269 Ari'!D13 | E13: ='res269 Summer'!C13 -> maybe | F13: ='res269 Summer'!D13 | G13: ='res269 Mary Shay'!C13 | H13: ='res269 Mary Shay'!D13 | I13: =IFERROR(__xludf.DUMMYFUNCTION("IFERROR(REGEXEXTRACT(E13, ""res(269|122)""), ""none"")"),"none") -> none | J13: -15.296307 | K13: 7 | L13: 3 | M13: 0.285714 | N13: 2 | O13: -1.992376 | P13: 100 | Q13: 0 | R13: 0 | S13: 94.997031
A14: /pi/summer.thyme-umw/rosetta_discovery_space/pth2/shapedb_results/refined_conformers/lower_res1_11_shifted/19/PV-004453173376/269/placement/res269_7F16_receptor_only_PV-004453173376_75_18.pdb | B14: PV-004453173376 | C14: ='res269 Ari'!C14 -> maybe | D14: ='res269 Ari'!D14 | E14: ='res269 Summer'!C14 -> no | F14: ='res269 Summer'!D14 | G14: ='res269 Mary Shay'!C14 | H14: ='res269 Mary Shay'!D14 | I14: =IFERROR(__xludf.DUMMYFUNCTION("IFERROR(REGEXEXTRACT(E14, ""res(269|122)""), ""none"")"),"none") -> none | J14: -15.325992 | K14: 8 | L14: 2 | M14: 0.25 | N14: 2 | O14: -0.597145 | P14: 100 | Q14: 0 | R14: 0 | S14: 96.326863
A15: /pi/summer.thyme-umw/rosetta_discovery_space/pth2/shapedb_results/refined_conformers/lower_res1_11_shifted/24/PV-004563691650/269/placement/res269_7F16_receptor_only_PV-004563691650_194_8.pdb | B15: PV-004563691650 | C15: ='res269 Ari'!C15 -> decent | D15: ='res269 Ari'!D15 | E15: ='res269 Summer'!C15 -> no | F15: ='res269 Summer'!D15 | G15: ='res269 Mary Shay'!C15 | H15: ='res269 Mary Shay'!D15 | I15: =IFERROR(__xludf.DUMMYFUNCTION("IFERROR(REGEXEXTRACT(E15, ""res(269|122)""), ""none"")"),"none") -> none | J15: -15.778424 | K15: 10 | L15: 4 | M15: 0.3 | N15: 2 | O15: -0.444144 | P15: 100 | Q15: 0 | R15: 0 | S15: 100.07743
A16: /pi/summer.thyme-umw/rosetta_discovery_space/pth2/shapedb_results/refined_conformers/lower_res1_11_shifted/37/PV-004702335537/269/placement/res269_7F16_receptor_only_PV-004702335537_21_10.pdb | B16: PV-004702335537 | C16: ='res269 Ari'!C16 -> maybe | D16: ='res269 Ari'!D16 | E16: ='res269 Summer'!C16 -> decent | F16: ='res269 Summer'!D16 | G16: ='res269 Mary Shay'!C16 | H16: ='res269 Mary Shay'!D16 | I16: =IFERROR(__xludf.DUMMYFUNCTION("IFERROR(REGEXEXTRACT(E16, ""res(269|122)""), ""none"")"),"none") -> none | J16: -16.377062 | K16: 9 | L16: 1 | M16: 0.333333 | N16: 2 | O16: -1.84415 | P16: 100 | Q16: 0 | R16: 0 | S16: 94.112121
A17: /pi/summer.thyme-umw/rosetta_discovery_space/pth2/shapedb_results/refined_conformers/lower_res1_11_shifted/21/PV-004826583086/269/placement/res269_7F16_receptor_only_PV-004826583086_90_2.pdb | B17: PV-004826583086 | C17: ='res269 Ari'!C17 -> maybe | D17: ='res269 Ari'!D17 | E17: ='res269 Summer'!C17 -> no | F17: ='res269 Summer'!D17 | G17: ='res269 Mary Shay'!C17 | H17: ='res269 Mary Shay'!D17 | I17: =IFERROR(__xludf.DUMMYFUNCTION("IFERROR(REGEXEXTRACT(E17, ""res(269|122)""), ""none"")"),"none") -> none | J17: -15.737774 | K17: 8 | L17: 4 | M17: 0.375 | N17: 2 | O17: -0.922352 | P17: 100 | Q17: 0 | R17: 0 | S17: 97.714874
A18: /pi/summer.thyme-umw/rosetta_discovery_space/pth2/shapedb_results/refined_conformers/lower_res1_11_shifted/34/PV-004860315998/269/placement/res269_7F16_receptor_only_PV-004860315998_45_2.pdb | B18: PV-004860315998 | C18: ='res269 Ari'!C18 -> decent | D18: ='res269 Ari'!D18 | E18: ='res269 Summer'!C18 -> no | F18: ='res269 Summer'!D18 | G18: ='res269 Mary Shay'!C18 | H18: ='res269 Mary Shay'!D18 | I18: =IFERROR(__xludf.DUMMYFUNCTION("IFERROR(REGEXEXTRACT(E18, ""res(269|122)""), ""none"")"),"none") -> none | J18: -16.004339 | K18: 7 | L18: 1 | M18: 0.285714 | N18: 2 | O18: -0.643672 | P18: 100 | Q18: 0 | R18: 0 | S18: 93.637703
A19: /pi/summer.thyme-umw/rosetta_discovery_space/pth2/shapedb_results/refined_conformers/lower_res1_11_shifted/16/PV-004960793237/269/placement/res269_7F16_receptor_only_PV-004960793237_98_6.pdb | B19: PV-004960793237 | C19: ='res269 Ari'!C19 -> maybe | D19: ='res269 Ari'!D19 -> placement seems ok, but do we want the bridged ring? | E19: ='res269 Summer'!C19 -> no | F19: ='res269 Summer'!D19 | G19: ='res269 Mary Shay'!C19 | H19: ='res269 Mary Shay'!D19 | I19: =IFERROR(__xludf.DUMMYFUNCTION("IFERROR(REGEXEXTRACT(E19, ""res(269|122)""), ""none"")"),"none") -> none | J19: -15.399039 | K19: 6 | L19: 3 | M19: 0.333333 | N19: 2 | O19: -0.254448 | P19: 100 | Q19: 0 | R19: 0 | S19: 95.679846
A20: /pi/summer.thyme-umw/rosetta_discovery_space/pth2/shapedb_results/refined_conformers/lower_res1_11_shifted/37/PV-004961619894/269/placement/res269_7F16_receptor_only_PV-004961619894_53_10.pdb | B20: PV-004961619894 | C20: ='res269 Ari'!C20 -> maybe | D20: ='res269 Ari'!D20 | E20: ='res269 Summer'!C20 -> no | F20: ='res269 Summer'!D20 | G20: ='res269 Mary Shay'!C20 | H20: ='res269 Mary Shay'!D20 | I20: =IFERROR(__xludf.DUMMYFUNCTION("IFERROR(REGEXEXTRACT(E20, ""res(269|122)""), ""none"")"),"none") -> none | J20: -15.848908 | K20: 8 | L20: 3 | M20: 0.375 | N20: 2 | O20: -0.923644 | P20: 100 | Q20: 0 | R20: 0 | S20: 96.602448
A21: /pi/summer.thyme-umw/rosetta_discovery_space/pth2/shapedb_results/refined_conformers/lower_res1_11_shifted/21/PV-005175010208/269/placement/res269_7F16_receptor_only_PV-005175010208_60_0.pdb | B21: PV-005175010208 | C21: ='res269 Ari'!C21 -> decent | D21: ='res269 Ari'!D21 -> N on 6 member ring could twist to hit TYR122 and be much better | E21: ='res269 Summer'!C21 -> decent | F21: ='res269 Summer'!D21 | G21: ='res269 Mary Shay'!C21 | H21: ='res269 Mary Shay'!D21 | I21: =IFERROR(__xludf.DUMMYFUNCTION("IFERROR(REGEXEXTRACT(E21, ""res(269|122)""), ""none"")"),"none") -> none | J21: -15.111049 | K21: 8 | L21: 4 | M21: 0.5 | N21: 3 | O21: -1.488021 | P21: 100 | Q21: 0 | R21: 0 | S21: 98.90093
A22: /pi/summer.thyme-umw/rosetta_discovery_space/pth2/shapedb_results/refined_conformers/lower_res5_11_shifted/7/PV-005299302519/269/placement/res269_7F16_receptor_only_PV-005299302519_62_4.pdb | B22: PV-005299302519 | C22: ='res269 Ari'!C22 -> maybe | D22: ='res269 Ari'!D22 | E22: ='res269 Summer'!C22 -> no | F22: ='res269 Summer'!D22 | G22: ='res269 Mary Shay'!C22 | H22: ='res269 Mary Shay'!D22 | I22: =IFERROR(__xludf.DUMMYFUNCTION("IFERROR(REGEXEXTRACT(E22, ""res(269|122)""), ""none"")"),"none") -> none | J22: -15.62437 | K22: 8 | L22: 3 | M22: 0.25 | N22: 2 | O22: -0.578782 | P22: 100 | Q22: 0 | R22: 0 | S22: 97.046848
A23: /pi/summer.thyme-umw/rosetta_discovery_space/pth2/shapedb_results/refined_conformers/lower_res1_11_shifted/16/PV-005376893059/269/placement/res269_7F16_receptor_only_PV-005376893059_118_4.pdb | B23: PV-005376893059 | C23: ='res269 Ari'!C23 -> maybe | D23: ='res269 Ari'!D23 | E23: ='res269 Summer'!C23 -> no | F23: ='res269 Summer'!D23 | G23: ='res269 Mary Shay'!C23 | H23: ='res269 Mary Shay'!D23 | I23: =IFERROR(__xludf.DUMMYFUNCTION("IFERROR(REGEXEXTRACT(E23, ""res(269|122)""), ""none"")"),"none") -> none | J23: -16.657537 | K23: 10 | L23: 3 | M23: 0.3 | N23: 2 | O23: -1.135125 | P23: 100 | Q23: 0 | R23: 0 | S23: 97.507338
A24: /pi/summer.thyme-umw/rosetta_discovery_space/pth2/shapedb_results/refined_conformers/lower_res5_11_shifted/6/PV-005379501786/269/placement/res269_7F16_receptor_only_PV-005379501786_150_2.pdb | B24: PV-005379501786 | C24: ='res269 Ari'!C24 -> maybe | D24: ='res269 Ari'!D24 | E24: ='res269 Summer'!C24 -> no | F24: ='res269 Summer'!D24 | G24: ='res269 Mary Shay'!C24 | H24: ='res269 Mary Shay'!D24 | I24: =IFERROR(__xludf.DUMMYFUNCTION("IFERROR(REGEXEXTRACT(E24, ""res(269|122)""), ""none"")"),"none") -> none | J24: -15.0051 | K24: 8 | L24: 1 | M24: 0.25 | N24: 3 | O24: -2.024033 | P24: 100 | Q24: 0 | R24: 0 | S24: 95.220867
A25: /pi/summer.thyme-umw/rosetta_discovery_space/pth2/shapedb_results/refined_conformers/lower_res5_11_shifted/0/PV-005397290947/269/placement/res269_7F16_receptor_only_PV-005397290947_10_1.pdb | B25: PV-005397290947 | C25: ='res269 Ari'!C25 -> yes | D25: ='res269 Ari'!D25 -> it sits high, but I like all of its interactions | E25: ='res269 Summer'!C25 -> no | F25: ='res269 Summer'!D25 | G25: ='res269 Mary Shay'!C25 | H25: ='res269 Mary Shay'!D25 | I25: =IFERROR(__xludf.DUMMYFUNCTION("IFERROR(REGEXEXTRACT(E25, ""res(269|122)""), ""none"")"),"none") -> none | J25: -15.787491 | K25: 6 | L25: 2 | M25: 0.333333 | N25: 3 | O25: -1.153959 | P25: 100 | Q25: 0 | R25: 0 | S25: 94.391883
A26: /pi/summer.thyme-umw/rosetta_discovery_space/pth2/shapedb_results/refined_conformers/lower_res5_11_shifted/6/PV-005409743762/269/placement/res269_7F16_receptor_only_PV-005409743762_202_0.pdb | B26: PV-005409743762 | C26: ='res269 Ari'!C26 -> decent | D26: ='res269 Ari'!D26 | E26: ='res269 Summer'!C26 -> no | F26: ='res269 Summer'!D26 | G26: ='res269 Mary Shay'!C26 | H26: ='res269 Mary Shay'!D26 | I26: =IFERROR(__xludf.DUMMYFUNCTION("IFERROR(REGEXEXTRACT(E26, ""res(269|122)""), ""none"")"),"none") -> none | J26: -16.526444 | K26: 7 | L26: 3 | M26: 0.428571 | N26: 3 | O26: -1.370961 | P26: 100 | Q26: 0 | R26: 0 | S26: 95.531166
A27: /pi/summer.thyme-umw/rosetta_discovery_space/pth2/shapedb_results/refined_conformers/lower_res1_11_shifted/20/PV-005460257111/269/placement/res269_7F16_receptor_only_PV-005460257111_135_1.pdb | B27: PV-005460257111 | C27: ='res269 Ari'!C27 -> yes | D27: ='res269 Ari'!D27 -> lots of good interactions and extends across the pocket, even if there are a lot of interactions not considered real; enantiomer with PV-005460257111 | E27: ='res269 Summer'!C27 -> no | F27: ='res269 Summer'!D27 | G27: ='res269 Mary Shay'!C27 | H27: ='res269 Mary Shay'!D27 | I27: =IFERROR(__xludf.DUMMYFUNCTION("IFERROR(REGEXEXTRACT(E27, ""res(269|122)""), ""none"")"),"none") -> none | J27: -15.442965 | K27: 7 | L27: 3 | M27: 0.285714 | N27: 2 | O27: -0.995888 | P27: 100 | Q27: 0 | R27: 0 | S27: 95.846861
A28: /pi/summer.thyme-umw/rosetta_discovery_space/pth2/shapedb_results/refined_conformers/lower_res1_11_shifted/20/PV-005460257113/269/placement/res269_7F16_receptor_only_PV-005460257113_135_1.pdb | B28: PV-005460257113 | C28: ='res269 Ari'!C28 -> yes | D28: ='res269 Ari'!D28 -> lots of good interactions and extends across the pocket, even if there are a lot of interactions not considered real; enantiomer with PV-005460257113 | E28: ='res269 Summer'!C28 -> no | F28: ='res269 Summer'!D28 | G28: ='res269 Mary Shay'!C28 | H28: ='res269 Mary Shay'!D28 | I28: =IFERROR(__xludf.DUMMYFUNCTION("IFERROR(REGEXEXTRACT(E28, ""res(269|122)""), ""none"")"),"none") -> none | J28: -15.442965 | K28: 7 | L28: 3 | M28: 0.285714 | N28: 2 | O28: -0.995888 | P28: 100 | Q28: 0 | R28: 0 | S28: 95.846861
A29: /pi/summer.thyme-umw/rosetta_discovery_space/pth2/shapedb_results/refined_conformers/lower_res1_11_shifted/12/PV-005461322877/269/placement/res269_7F16_receptor_only_PV-005461322877_164_2.pdb | B29: PV-005461322877 | C29: ='res269 Ari'!C29 -> maybe | D29: ='res269 Ari'!D29 -> I think this could hit TYR269 better | E29: ='res269 Summer'!C29 -> no | F29: ='res269 Summer'!D29 | G29: ='res269 Mary Shay'!C29 | H29: ='res269 Mary Shay'!D29 | I29: =IFERROR(__xludf.DUMMYFUNCTION("IFERROR(REGEXEXTRACT(E29, ""res(269|122)""), ""none"")"),"none") -> none | J29: -16.187871 | K29: 8 | L29: 2 | M29: 0.25 | N29: 2 | O29: -1.664296 | P29: 100 | Q29: 0 | R29: 0 | S29: 94.397833
A30: /pi/summer.thyme-umw/rosetta_discovery_space/pth2/shapedb_results/refined_conformers/lower_res1_11_shifted/38/PV-005469944476/269/placement/res269_7F16_receptor_only_PV-005469944476_215_6.pdb | B30: PV-005469944476 | C30: ='res269 Ari'!C30 -> maybe | D30: ='res269 Ari'!D30 | E30: ='res269 Summer'!C30 -> maybe | F30: ='res269 Summer'!D30 | G30: ='res269 Mary Shay'!C30 | H30: ='res269 Mary Shay'!D30 | I30: =IFERROR(__xludf.DUMMYFUNCTION("IFERROR(REGEXEXTRACT(E30, ""res(269|122)""), ""none"")"),"none") -> none | J30: -15.122502 | K30: 9 | L30: 1 | M30: 0.333333 | N30: 2 | O30: -1.2518 | P30: 100 | Q30: 0 | R30: 0 | S30: 95.959031
A31: /pi/summer.thyme-umw/rosetta_discovery_space/pth2/shapedb_results/refined_conformers/lower_res1_11_shifted/13/PV-005628811316/269/placement/res269_7F16_receptor_only_PV-005628811316_82_5.pdb | B31: PV-005628811316 | C31: ='res269 Ari'!C31 -> maybe | D31: ='res269 Ari'!D31 | E31: ='res269 Summer'!C31 -> no | F31: ='res269 Summer'!D31 | G31: ='res269 Mary Shay'!C31 | H31: ='res269 Mary Shay'!D31 | I31: =IFERROR(__xludf.DUMMYFUNCTION("IFERROR(REGEXEXTRACT(E31, ""res(269|122)""), ""none"")"),"none") -> none | J31: -16.909101 | K31: 8 | L31: 3 | M31: 0.5 | N31: 2 | O31: -1.107364 | P31: 100 | Q31: 0 | R31: 0 | S31: 95.483535
A32: /pi/summer.thyme-umw/rosetta_discovery_space/pth2/shapedb_results/refined_conformers/lower_res1_11_shifted/18/PV-005762936890/269/placement/res269_7F16_receptor_only_PV-005762936890_203_15.pdb | B32: PV-005762936890 | C32: ='res269 Ari'!C32 -> maybe | D32: ='res269 Ari'!D32 | E32: ='res269 Summer'!C32 -> no | F32: ='res269 Summer'!D32 | G32: ='res269 Mary Shay'!C32 | H32: ='res269 Mary Shay'!D32 | I32: =IFERROR(__xludf.DUMMYFUNCTION("IFERROR(REGEXEXTRACT(E32, ""res(269|122)""), ""none"")"),"none") -> none | J32: -15.785852 | K32: 7 | L32: 5 | M32: 0.285714 | N32: 2 | O32: -0.799354 | P32: 100 | Q32: 0 | R32: 0 | S32: 97.700508
A33: /pi/summer.thyme-umw/rosetta_discovery_space/pth2/shapedb_results/refined_conformers/lower_res5_11_shifted/7/PV-005771589697/269/placement/res269_7F16_receptor_only_PV-005771589697_43_4.pdb | B33: PV-005771589697 | C33: ='res269 Ari'!C33 -> decent | D33: ='res269 Ari'!D33 -> could hit glu398 better | E33: ='res269 Summer'!C33 -> no | F33: ='res269 Summer'!D33 | G33: ='res269 Mary Shay'!C33 | H33: ='res269 Mary Shay'!D33 | I33: =IFERROR(__xludf.DUMMYFUNCTION("IFERROR(REGEXEXTRACT(E33, ""res(269|122)""), ""none"")"),"none") -> none | J33: -15.155078 | K33: 8 | L33: 2 | M33: 0.25 | N33: 2 | O33: -0.394031 | P33: 100 | Q33: 0 | R33: 0 | S33: 96.700891
A34: /pi/summer.thyme-umw/rosetta_discovery_space/pth2/shapedb_results/refined_conformers/lower_res1_11_shifted/33/PV-005792794357/269/placement/res269_7F16_receptor_only_PV-005792794357_162_6.pdb | B34: PV-005792794357 | C34: ='res269 Ari'!C34 -> yes | D34: ='res269 Ari'!D34 | E34: ='res269 Summer'!C34 -> no | F34: ='res269 Summer'!D34 | G34: ='res269 Mary Shay'!C34 | H34: ='res269 Mary Shay'!D34 | I34: =IFERROR(__xludf.DUMMYFUNCTION("IFERROR(REGEXEXTRACT(E34, ""res(269|122)""), ""none"")"),"none") -> none | J34: -15.473368 | K34: 8 | L34: 2 | M34: 0.375 | N34: 2 | O34: -0.972362 | P34: 100 | Q34: 0 | R34: 0 | S34: 95.92927
A35: /pi/summer.thyme-umw/rosetta_discovery_space/pth2/shapedb_results/refined_conformers/lower_res5_11_shifted/3/PV-005904922341/269/placement/res269_7F16_receptor_only_PV-005904922341_54_3.pdb | B35: PV-005904922341 | C35: ='res269 Ari'!C35 -> yes | D35: ='res269 Ari'!D35 -> I think tyr202 could hbond with the hydroxyl | E35: =#REF! -> #REF! | F35: ='res269 Summer'!D35 | G35: ='res269 Mary Shay'!C35 | H35: ='res269 Mary Shay'!D35 | I35: =IFERROR(__xludf.DUMMYFUNCTION("IFERROR(REGEXEXTRACT(E35, ""res(269|122)""), ""none"")"),"none") -> none | J35: -15.32929 | K35: 9 | L35: 2 | M35: 0.444444 | N35: 3 | O35: -1.169854 | P35: 100 | Q35: 0 | R35: 0 | S35: 97.9453
A36: /pi/summer.thyme-umw/rosetta_discovery_space/pth2/shapedb_results/refined_conformers/lower_res1_11_shifted/39/PV-005941960676/269/placement/res269_7F16_receptor_only_PV-005941960676_114_0.pdb | B36: PV-005941960676 | C36: ='res269 Ari'!C36 -> maybe | D36: ='res269 Ari'!D36 | E36: ='res269 Summer'!C35 -> no | F36: ='res269 Summer'!D36 | G36: ='res269 Mary Shay'!C36 | H36: ='res269 Mary Shay'!D36 | I36: =IFERROR(__xludf.DUMMYFUNCTION("IFERROR(REGEXEXTRACT(E36, ""res(269|122)""), ""none"")"),"none") -> none | J36: -17.46746 | K36: 9 | L36: 2 | M36: 0.333333 | N36: 2 | O36: -0.960204 | P36: 100 | Q36: 0 | R36: 0 | S36: 94.905669
A37: /pi/summer.thyme-umw/rosetta_discovery_space/pth2/shapedb_results/refined_conformers/lower_res1_11_shifted/0/PV-005946081927/269/placement/res269_7F16_receptor_only_PV-005946081927_44_6.pdb | B37: PV-005946081927 | C37: ='res269 Ari'!C37 -> maybe | D37: ='res269 Ari'!D37 | E37: ='res269 Summer'!C37 -> no | F37: ='res269 Summer'!D37 | G37: ='res269 Mary Shay'!C37 | H37: ='res269 Mary Shay'!D37 | I37: =IFERROR(__xludf.DUMMYFUNCTION("IFERROR(REGEXEXTRACT(E37, ""res(269|122)""), ""none"")"),"none") -> none | J37: -15.769609 | K37: 8 | L37: 2 | M37: 0.25 | N37: 2 | O37: -1.998276 | P37: 100 | Q37: 0 | R37: 0 | S37: 94.482115
A38: /pi/summer.thyme-umw/rosetta_discovery_space/pth2/shapedb_results/refined_conformers/lower_res5_11_shifted/3/PV-005999281346/269/placement/res269_7F16_receptor_only_PV-005999281346_166_3.pdb | B38: PV-005999281346 | C38: ='res269 Ari'!C38 -> maybe | D38: ='res269 Ari'!D38 | E38: ='res269 Summer'!C38 -> no | F38: ='res269 Summer'!D38 | G38: ='res269 Mary Shay'!C38 | H38: ='res269 Mary Shay'!D38 | I38: =IFERROR(__xludf.DUMMYFUNCTION("IFERROR(REGEXEXTRACT(E38, ""res(269|122)""), ""none"")"),"none") -> none | J38: -16.531836 | K38: 10 | L38: 2 | M38: 0.3 | N38: 2 | O38: -0.888794 | P38: 100 | Q38: 0 | R38: 0 | S38: 96.87937
A39: /pi/summer.thyme-umw/rosetta_discovery_space/pth2/shapedb_results/refined_conformers/lower_res1_11_shifted/11/PV-006059242376/269/placement/res269_7F16_receptor_only_PV-006059242376_180_2.pdb | B39: PV-006059242376 | C39: ='res269 Ari'!C39 -> maybe | D39: ='res269 Ari'!D39 | E39: ='res269 Summer'!C39 -> no | F39: ='res269 Summer'!D39 | G39: ='res269 Mary Shay'!C39 | H39: ='res269 Mary Shay'!D39 | I39: =IFERROR(__xludf.DUMMYFUNCTION("IFERROR(REGEXEXTRACT(E39, ""res(269|122)""), ""none"")"),"none") -> none | J39: -15.695983 | K39: 8 | L39: 3 | M39: 0.375 | N39: 2 | O39: -0.764023 | P39: 100 | Q39: 0 | R39: 0 | S39: 96.914994
A40: /pi/summer.thyme-umw/rosetta_discovery_space/pth2/shapedb_results/refined_conformers/lower_res1_11_shifted/39/PV-006074144815/269/placement/res269_7F16_receptor_only_PV-006074144815_132_2.pdb | B40: PV-006074144815 | C40: ='res269 Ari'!C40 -> yes | D40: ='res269 Ari'!D40 | E40: ='res269 Summer'!C40 -> no | F40: ='res269 Summer'!D40 | G40: ='res269 Mary Shay'!C40 | H40: ='res269 Mary Shay'!D40 | I40: =IFERROR(__xludf.DUMMYFUNCTION("IFERROR(REGEXEXTRACT(E40, ""res(269|122)""), ""none"")"),"none") -> none | J40: -16.574584 | K40: 6 | L40: 1 | M40: 0.333333 | N40: 2 | O40: -0.53138 | P40: 100 | Q40: 0 | R40: 0 | S40: 92.227369
A41: /pi/summer.thyme-umw/rosetta_discovery_space/pth2/shapedb_results/refined_conformers/lower_res1_11_shifted/14/PV-006143645773/269/placement/res269_7F16_receptor_only_PV-006143645773_78_1.pdb | B41: PV-006143645773 | C41: ='res269 Ari'!C41 -> yes | D41: ='res269 Ari'!D41 -> same pose as PV-006143645775 and PV-006143645776, enantiomer | E41: ='res269 Summer'!C41 -> no | F41: ='res269 Summer'!D41 | G41: ='res269 Mary Shay'!C41 | H41: ='res269 Mary Shay'!D41 | I41: =IFERROR(__xludf.DUMMYFUNCTION("IFERROR(REGEXEXTRACT(E41, ""res(269|122)""), ""none"")"),"none") -> none | J41: -16.381515 | K41: 6 | L41: 3 | M41: 0.5 | N41: 2 | O41: -0.391176 | P41: 100 | Q41: 0 | R41: 0 | S41: 94.727309
A42: /pi/summer.thyme-umw/rosetta_discovery_space/pth2/shapedb_results/refined_conformers/lower_res1_11_shifted/14/PV-006143645775/269/placement/res269_7F16_receptor_only_PV-006143645775_78_1.pdb | B42: PV-006143645775 | C42: ='res269 Ari'!C42 -> yes | D42: ='res269 Ari'!D42 -> same pose as PV-006143645773 and PV-006143645776, enantiomer | E42: ='res269 Summer'!C42 -> no | F42: ='res269 Summer'!D42 | G42: ='res269 Mary Shay'!C42 | H42: ='res269 Mary Shay'!D42 | I42: =IFERROR(__xludf.DUMMYFUNCTION("IFERROR(REGEXEXTRACT(E42, ""res(269|122)""), ""none"")"),"none") -> none | J42: -16.381515 | K42: 6 | L42: 3 | M42: 0.5 | N42: 2 | O42: -0.391176 | P42: 100 | Q42: 0 | R42: 0 | S42: 94.727309
A43: /pi/summer.thyme-umw/rosetta_discovery_space/pth2/shapedb_results/refined_conformers/lower_res1_11_shifted/14/PV-006143645776/269/placement/res269_7F16_receptor_only_PV-006143645776_78_1.pdb | B43: PV-006143645776 | C43: ='res269 Ari'!C43 -> yes | D43: ='res269 Ari'!D43 -> same pose as PV-006143645775 and PV-006143645773, enantiomer | E43: ='res269 Summer'!C43 -> no | F43: ='res269 Summer'!D43 | G43: ='res269 Mary Shay'!C43 | H43: ='res269 Mary Shay'!D43 | I43: =IFERROR(__xludf.DUMMYFUNCTION("IFERROR(REGEXEXTRACT(E43, ""res(269|122)""), ""none"")"),"none") -> none | J43: -16.381515 | K43: 6 | L43: 3 | M43: 0.5 | N43: 2 | O43: -0.391176 | P43: 100 | Q43: 0 | R43: 0 | S43: 94.727309
A44: /pi/summer.thyme-umw/rosetta_discovery_space/pth2/shapedb_results/refined_conformers/lower_res1_11_shifted/17/PV-006186949995/269/placement/res269_7F16_receptor_only_PV-006186949995_106_0.pdb | B44: PV-006186949995 | C44: ='res269 Ari'!C44 -> maybe | D44: ='res269 Ari'!D44 | E44: ='res269 Summer'!C44 -> maybe | F44: ='res269 Summer'!D44 | G44: ='res269 Mary Shay'!C44 | H44: ='res269 Mary Shay'!D44 | I44: =IFERROR(__xludf.DUMMYFUNCTION("IFERROR(REGEXEXTRACT(E44, ""res(269|122)""), ""none"")"),"none") -> none | J44: -16.758312 | K44: 7 | L44: 4 | M44: 0.428571 | N44: 2 | O44: -1.542056 | P44: 100 | Q44: 0 | R44: 0 | S44: 95.128203
A45: /pi/summer.thyme-umw/rosetta_discovery_space/pth2/shapedb_results/refined_conformers/lower_res1_11_shifted/34/PV-006252057578/269/placement/res269_7F16_receptor_only_PV-006252057578_235_16.pdb | B45: PV-006252057578 | C45: ='res269 Ari'!C45 -> maybe | D45: ='res269 Ari'!D45 | E45: ='res269 Summer'!C45 -> decent | F45: ='res269 Summer'!D45 | G45: ='res269 Mary Shay'!C45 | H45: ='res269 Mary Shay'!D45 | I45: =IFERROR(__xludf.DUMMYFUNCTION("IFERROR(REGEXEXTRACT(E45, ""res(269|122)""), ""none"")"),"none") -> none | J45: -16.196607 | K45: 8 | L45: 5 | M45: 0.625 | N45: 3 | O45: -1.082057 | P45: 100 | Q45: 0 | R45: 0 | S45: 99.346336
A46: /pi/summer.thyme-umw/rosetta_discovery_space/pth2/shapedb_results/refined_conformers/lower_res5_11_shifted/0/PV-006275168072/269/placement/res269_7F16_receptor_only_PV-006275168072_126_0.pdb | B46: PV-006275168072 | C46: ='res269 Ari'!C46 -> maybe | D46: ='res269 Ari'!D46 | E46: ='res269 Summer'!C46 -> no | F46: ='res269 Summer'!D46 | G46: ='res269 Mary Shay'!C46 | H46: ='res269 Mary Shay'!D46 | I46: =IFERROR(__xludf.DUMMYFUNCTION("IFERROR(REGEXEXTRACT(E46, ""res(269|122)""), ""none"")"),"none") -> none | J46: -15.182474 | K46: 7 | L46: 2 | M46: 0.285714 | N46: 2 | O46: -0.62157 | P46: 100 | Q46: 0 | R46: 0 | S46: 95.48167
A47: /pi/summer.thyme-umw/rosetta_discovery_space/pth2/shapedb_results/refined_conformers/lower_res1_11_shifted/23/PV-006279077450/269/placement/res269_7F16_receptor_only_PV-006279077450_73_15.pdb | B47: PV-006279077450 | C47: ='res269 Ari'!C47 -> maybe | D47: ='res269 Ari'!D47 | E47: ='res269 Summer'!C47 -> decent | F47: ='res269 Summer'!D47 | G47: ='res269 Mary Shay'!C47 | H47: ='res269 Mary Shay'!D47 | I47: =IFERROR(__xludf.DUMMYFUNCTION("IFERROR(REGEXEXTRACT(E47, ""res(269|122)""), ""none"")"),"none") -> none | J47: -17.250811 | K47: 11 | L47: 5 | M47: 0.272727 | N47: 2 | O47: -0.713731 | P47: 100 | Q47: 0 | R47: 0 | S47: 100.30818
A48: /pi/summer.thyme-umw/rosetta_discovery_space/pth2/shapedb_results/refined_conformers/lower_res1_11_shifted/27/PV-006328895684/269/placement/res269_7F16_receptor_only_PV-006328895684_180_8.pdb | B48: PV-006328895684 | C48: ='res269 Ari'!C48 -> maybe | D48: ='res269 Ari'!D48 | E48: ='res269 Summer'!C48 -> no | F48: ='res269 Summer'!D48 | G48: ='res269 Mary Shay'!C48 | H48: ='res269 Mary Shay'!D48 | I48: =IFERROR(__xludf.DUMMYFUNCTION("IFERROR(REGEXEXTRACT(E48, ""res(269|122)""), ""none"")"),"none") -> none | J48: -15.813539 | K48: 8 | L48: 4 | M48: 0.375 | N48: 2 | O48: -0.75356 | P48: 100 | Q48: 0 | R48: 0 | S48: 97.807901
A49: /pi/summer.thyme-umw/rosetta_discovery_space/pth2/shapedb_results/refined_conformers/lower_res1_11_shifted/38/PV-006336543198/269/placement/res269_7F16_receptor_only_PV-006336543198_32_3.pdb | B49: PV-006336543198 | C49: ='res269 Ari'!C49 -> maybe | D49: ='res269 Ari'!D49 | E49: ='res269 Summer'!C49 -> decent | F49: ='res269 Summer'!D49 | G49: ='res269 Mary Shay'!C49 | H49: ='res269 Mary Shay'!D49 | I49: =IFERROR(__xludf.DUMMYFUNCTION("IFERROR(REGEXEXTRACT(E49, ""res(269|122)""), ""none"")"),"none") -> none | J49: -17.483332 | K49: 7 | L49: 2 | M49: 0.428571 | N49: 2 | O49: -0.934603 | P49: 100 | Q49: 0 | R49: 0 | S49: 93.010636
A50: /pi/summer.thyme-umw/rosetta_discovery_space/pth2/shapedb_results/refined_conformers/lower_res1_11_shifted/26/PV-006446974219/269/placement/res269_7F16_receptor_only_PV-006446974219_136_10.pdb | B50: PV-006446974219 | C50: ='res269 Ari'!C50 -> maybe | D50: ='res269 Ari'!D50 | E50: ='res269 Summer'!C50 -> maybe | F50: ='res269 Summer'!D50 | G50: ='res269 Mary Shay'!C50 | H50: ='res269 Mary Shay'!D50 | I50: =IFERROR(__xludf.DUMMYFUNCTION("IFERROR(REGEXEXTRACT(E50, ""res(269|122)""), ""none"")"),"none") -> none | J50: -15.044133 | K50: 7 | L50: 3 | M50: 0.285714 | N50: 2 | O50: -0.869404 | P50: 100 | Q50: 0 | R50: 0 | S50: 96.372177
A51: /pi/summer.thyme-umw/rosetta_discovery_space/pth2/shapedb_results/refined_conformers/lower_res5_11_shifted/6/PV-006460901879/269/placement/res269_7F16_receptor_only_PV-006460901879_4_1.pdb | B51: PV-006460901879 | C51: ='res269 Ari'!C51 -> maybe | D51: ='res269 Ari'!D51 | E51: ='res269 Summer'!C51 -> no | F51: ='res269 Summer'!D51 | G51: ='res269 Mary Shay'!C51 | H51: ='res269 Mary Shay'!D51 | I51: =IFERROR(__xludf.DUMMYFUNCTION("IFERROR(REGEXEXTRACT(E51, ""res(269|122)""), ""none"")"),"none") -> none | J51: -16.338997 | K51: 6 | L51: 1 | M51: 0.333333 | N51: 2 | O51: -1.569369 | P51: 100 | Q51: 0 | R51: 0 | S51: 91.424967
A52: /pi/summer.thyme-umw/rosetta_discovery_space/pth2/shapedb_results/refined_conformers/lower_res1_11_shifted/24/PV-006531537045/269/placement/res269_7F16_receptor_only_PV-006531537045_114_1.pdb | B52: PV-006531537045 | C52: ='res269 Ari'!C52 -> maybe | D52: ='res269 Ari'!D52 | E52: ='res269 Summer'!C52 -> no | F52: ='res269 Summer'!D52 | G52: ='res269 Mary Shay'!C52 | H52: ='res269 Mary Shay'!D52 | I52: =IFERROR(__xludf.DUMMYFUNCTION("IFERROR(REGEXEXTRACT(E52, ""res(269|122)""), ""none"")"),"none") -> none | J52: -15.874894 | K52: 8 | L52: 2 | M52: 0.25 | N52: 2 | O52: -1.527443 | P52: 100 | Q52: 0 | R52: 0 | S52: 94.847663
A53: /pi/summer.thyme-umw/rosetta_discovery_space/pth2/shapedb_results/refined_conformers/lower_res1_11_shifted/29/PV-006596664813/269/placement/res269_7F16_receptor_only_PV-006596664813_71_2.pdb | B53: PV-006596664813 | C53: ='res269 Ari'!C53 -> maybe | D53: ='res269 Ari'!D53 | E53: ='res269 Summer'!C53 -> decent | F53: ='res269 Summer'!D53 | G53: ='res269 Mary Shay'!C53 | H53: ='res269 Mary Shay'!D53 | I53: =IFERROR(__xludf.DUMMYFUNCTION("IFERROR(REGEXEXTRACT(E53, ""res(269|122)""), ""none"")"),"none") -> none | J53: -15.19198 | K53: 8 | L53: 3 | M53: 0.375 | N53: 2 | O53: -1.182302 | P53: 100 | Q53: 0 | R53: 0 | S53: 97.000718
A54: /pi/summer.thyme-umw/rosetta_discovery_space/pth2/shapedb_results/refined_conformers/lower_res1_11_shifted/17/PV-006598988224/269/placement/res269_7F16_receptor_only_PV-006598988224_102_4.pdb | B54: PV-006598988224 | C54: ='res269 Ari'!C54 -> maybe | D54: ='res269 Ari'!D54 | E54: ='res269 Summer'!C54 -> yes | F54: ='res269 Summer'!D54 | G54: ='res269 Mary Shay'!C54 | H54: ='res269 Mary Shay'!D54 | I54: =IFERROR(__xludf.DUMMYFUNCTION("IFERROR(REGEXEXTRACT(E54, ""res(269|122)""), ""none"")"),"none") -> none | J54: -15.653385 | K54: 8 | L54: 3 | M54: 0.25 | N54: 2 | O54: -0.166637 | P54: 100 | Q54: 0 | R54: 0 | S54: 97.429978
A55: /pi/summer.thyme-umw/rosetta_discovery_space/pth2/shapedb_results/refined_conformers/lower_res1_11_shifted/14/PV-006604268399/269/placement/res269_7F16_receptor_only_PV-006604268399_13_1.pdb | B55: PV-006604268399 | C55: ='res269 Ari'!C55 -> maybe | D55: ='res269 Ari'!D55 | E55: ='res269 Summer'!C55 -> decent | F55: ='res269 Summer'!D55 | G55: ='res269 Mary Shay'!C55 | H55: ='res269 Mary Shay'!D55 | I55: =IFERROR(__xludf.DUMMYFUNCTION("IFERROR(REGEXEXTRACT(E55, ""res(269|122)""), ""none"")"),"none") -> none | J55: -15.468589 | K55: 8 | L55: 3 | M55: 0.375 | N55: 2 | O55: -0.987794 | P55: 100 | Q55: 0 | R55: 0 | S55: 96.918617
A56: /pi/summer.thyme-umw/rosetta_discovery_space/pth2/shapedb_results/refined_conformers/lower_res1_11_shifted/30/PV-006645946899/269/placement/res269_7F16_receptor_only_PV-006645946899_27_1.pdb | B56: PV-006645946899 | C56: ='res269 Ari'!C56 -> maybe | D56: ='res269 Ari'!D56 | E56: ='res269 Summer'!C56 -> maybe | F56: ='res269 Summer'!D56 | G56: ='res269 Mary Shay'!C56 | H56: ='res269 Mary Shay'!D56 | I56: =IFERROR(__xludf.DUMMYFUNCTION("IFERROR(REGEXEXTRACT(E56, ""res(269|122)""), ""none"")"),"none") -> none | J56: -16.533467 | K56: 8 | L56: 5 | M56: 0.25 | N56: 2 | O56: -1.486018 | P56: 100 | Q56: 0 | R56: 0 | S56: 97.230515
A57: /pi/summer.thyme-umw/rosetta_discovery_space/pth2/shapedb_results/refined_conformers/lower_res5_11_shifted/5/PV-006694441016/269/placement/res269_7F16_receptor_only_PV-006694441016_243_2.pdb | B57: PV-006694441016 | C57: ='res269 Ari'!C57 -> maybe | D57: ='res269 Ari'!D57 | E57: ='res269 Summer'!C57 -> maybe | F57: ='res269 Summer'!D57 | G57: ='res269 Mary Shay'!C57 | H57: ='res269 Mary Shay'!D57 | I57: =IFERROR(__xludf.DUMMYFUNCTION("IFERROR(REGEXEXTRACT(E57, ""res(269|122)""), ""none"")"),"none") -> none | J57: -16.383014 | K57: 11 | L57: 5 | M57: 0.545455 | N57: 2 | O57: -1.431922 | P57: 100 | Q57: 0 | R57: 0 | S57: 100.73052
A58: /pi/summer.thyme-umw/rosetta_discovery_space/pth2/shapedb_results/refined_conformers/lower_res1_11_shifted/23/PV-006706606184/269/placement/res269_7F16_receptor_only_PV-006706606184_97_3.pdb | B58: PV-006706606184 | C58: ='res269 Ari'!C58 -> maybe | D58: ='res269 Ari'!D58 | E58: ='res269 Summer'!C58 -> no | F58: ='res269 Summer'!D58 | G58: ='res269 Mary Shay'!C58 | H58: ='res269 Mary Shay'!D58 | I58: =IFERROR(__xludf.DUMMYFUNCTION("IFERROR(REGEXEXTRACT(E58, ""res(269|122)""), ""none"")"),"none") -> none | J58: -15.915515 | K58: 8 | L58: 4 | M58: 0.375 | N58: 2 | O58: -0.684045 | P58: 100 | Q58: 0 | R58: 0 | S58: 97.77544
A59: /pi/summer.thyme-umw/rosetta_discovery_space/pth2/shapedb_results/refined_conformers/lower_res1_11_shifted/16/PV-006712468448/269/placement/res269_7F16_receptor_only_PV-006712468448_190_0.pdb | B59: PV-006712468448 | C59: ='res269 Ari'!C59 -> maybe | D59: ='res269 Ari'!D59 -> same pose as PV-006712468449, enantiomer | E59: ='res269 Summer'!C59 -> decent | F59: ='res269 Summer'!D59 | G59: ='res269 Mary Shay'!C59 | H59: ='res269 Mary Shay'!D59 | I59: =IFERROR(__xludf.DUMMYFUNCTION("IFERROR(REGEXEXTRACT(E59, ""res(269|122)""), ""none"")"),"none") -> none | J59: -15.759066 | K59: 7 | L59: 2 | M59: 0.571429 | N59: 2 | O59: -0.931789 | P59: 100 | Q59: 0 | R59: 0 | S59: 94.880574
A60: /pi/summer.thyme-umw/rosetta_discovery_space/pth2/shapedb_results/refined_conformers/lower_res1_11_shifted/16/PV-006712468449/269/placement/res269_7F16_receptor_only_PV-006712468449_190_0.pdb | B60: PV-006712468449 | C60: ='res269 Ari'!C60 -> maybe | D60: ='res269 Ari'!D60 -> same pose as PV-006712468448, enantiomer | E60: ='res269 Summer'!C60 -> same | F60: ='res269 Summer'!D60 | G60: ='res269 Mary Shay'!C60 | H60: ='res269 Mary Shay'!D60 | I60: =IFERROR(__xludf.DUMMYFUNCTION("IFERROR(REGEXEXTRACT(E60, ""res(269|122)""), ""none"")"),"none") -> none | J60: -15.759066 | K60: 7 | L60: 2 | M60: 0.571429 | N60: 2 | O60: -0.931789 | P60: 100 | Q60: 0 | R60: 0 | S60: 94.880574
A61: /pi/summer.thyme-umw/rosetta_discovery_space/pth2/shapedb_results/refined_conformers/lower_res1_11_shifted/20/Z1134920381/269/placement/res269_7F16_receptor_only_Z1134920381_127_4.pdb | B61: Z1134920381 | C61: ='res269 Ari'!C61 -> maybe | D61: ='res269 Ari'!D61 | E61: ='res269 Summer'!C61 -> no | F61: ='res269 Summer'!D61 | G61: ='res269 Mary Shay'!C61 | H61: ='res269 Mary Shay'!D61 | I61: =IFERROR(__xludf.DUMMYFUNCTION("IFERROR(REGEXEXTRACT(E61, ""res(269|122)""), ""none"")"),"none") -> none | J61: -15.088626 | K61: 12 | L61: 3 | M61: 0.416667 | N61: 2 | O61: -0.765151 | P61: 100 | Q61: 0 | R61: 0 | S61: 101.56289
A62: /pi/summer.thyme-umw/rosetta_discovery_space/pth2/shapedb_results/refined_conformers/lower_res5_11_shifted/6/Z1158277734/269/placement/res269_7F16_receptor_only_Z1158277734_64_18.pdb | B62: Z1158277734 | C62: ='res269 Ari'!C62 -> maybe | D62: ='res269 Ari'!D62 | E62: ='res269 Summer'!C62 -> no | F62: ='res269 Summer'!D62 | G62: ='res269 Mary Shay'!C62 | H62: ='res269 Mary Shay'!D62 | I62: =IFERROR(__xludf.DUMMYFUNCTION("IFERROR(REGEXEXTRACT(E62, ""res(269|122)""), ""none"")"),"none") -> none | J62: -16.551482 | K62: 8 | L62: 3 | M62: 0.25 | N62: 2 | O62: -0.695112 | P62: 100 | Q62: 0 | R62: 0 | S62: 96.003406
A63: /pi/summer.thyme-umw/rosetta_discovery_space/pth2/shapedb_results/refined_conformers/lower_res1_11_shifted/11/Z1159218881/269/placement/res269_7F16_receptor_only_Z1159218881_192_3.pdb | B63: Z1159218881 | C63: ='res269 Ari'!C63 -> decent | D63: ='res269 Ari'!D63 | E63: ='res269 Summer'!C63 -> no | F63: ='res269 Summer'!D63 | G63: ='res269 Mary Shay'!C63 | H63: ='res269 Mary Shay'!D63 | I63: =IFERROR(__xludf.DUMMYFUNCTION("IFERROR(REGEXEXTRACT(E63, ""res(269|122)""), ""none"")"),"none") -> none | J63: -16.947939 | K63: 7 | L63: 1 | M63: 0.285714 | N63: 2 | O63: -1.26662 | P63: 100 | Q63: 0 | R63: 0 | S63: 92.071155
A64: /pi/summer.thyme-umw/rosetta_discovery_space/pth2/shapedb_results/refined_conformers/lower_res5_11_shifted/0/Z1251516267/269/placement/res269_7F16_receptor_only_Z1251516267_57_24.pdb | B64: Z1251516267 | C64: ='res269 Ari'!C64 -> maybe | D64: ='res269 Ari'!D64 | E64: ='res269 Summer'!C64 -> no | F64: ='res269 Summer'!D64 | G64: ='res269 Mary Shay'!C64 | H64: ='res269 Mary Shay'!D64 | I64: =IFERROR(__xludf.DUMMYFUNCTION("IFERROR(REGEXEXTRACT(E64, ""res(269|122)""), ""none"")"),"none") -> none | J64: -18.499142 | K64: 10 | L64: 1 | M64: 0.3 | N64: 3 | O64: -0.362342 | P64: 100 | Q64: 0 | R64: 0 | S64: 95.438516
A65: /pi/summer.thyme-umw/rosetta_discovery_space/pth2/shapedb_results/refined_conformers/lower_res5_11_shifted/4/Z1261227846/269/placement/res269_7F16_receptor_only_Z1261227846_96_6.pdb | B65: Z1261227846 | C65: ='res269 Ari'!C65 -> maybe | D65: ='res269 Ari'!D65 | E65: ='res269 Summer'!C65 -> no | F65: ='res269 Summer'!D65 | G65: ='res269 Mary Shay'!C65 | H65: ='res269 Mary Shay'!D65 | I65: =IFERROR(__xludf.DUMMYFUNCTION("IFERROR(REGEXEXTRACT(E65, ""res(269|122)""), ""none"")"),"none") -> none | J65: -16.983006 | K65: 12 | L65: 5 | M65: 0.25 | N65: 2 | O65: -0.69205 | P65: 100 | Q65: 0 | R65: 0 | S65: 101.57494
A66: /pi/summer.thyme-umw/rosetta_discovery_space/pth2/shapedb_results/refined_conformers/lower_res1_11_shifted/30/Z1337997284/269/placement/res269_7F16_receptor_only_Z1337997284_46_11.pdb | B66: Z1337997284 | C66: ='res269 Ari'!C66 -> maybe | D66: ='res269 Ari'!D66 | E66: ='res269 Summer'!C66 -> no | F66: ='res269 Summer'!D66 | G66: ='res269 Mary Shay'!C66 | H66: ='res269 Mary Shay'!D66 | I66: =IFERROR(__xludf.DUMMYFUNCTION("IFERROR(REGEXEXTRACT(E66, ""res(269|122)""), ""none"")"),"none") -> none | J66: -15.529597 | K66: 9 | L66: 2 | M66: 0.444444 | N66: 2 | O66: -0.986909 | P66: 100 | Q66: 0 | R66: 0 | S66: 96.927938
A67: /pi/summer.thyme-umw/rosetta_discovery_space/pth2/shapedb_results/refined_conformers/lower_res5_11_shifted/5/Z1359735366/269/placement/res269_7F16_receptor_only_Z1359735366_149_10.pdb | B67: Z1359735366 | C67: ='res269 Ari'!C67 -> maybe | D67: ='res269 Ari'!D67 | E67: ='res269 Summer'!C67 -> no | F67: ='res269 Summer'!D67 | G67: ='res269 Mary Shay'!C67 | H67: ='res269 Mary Shay'!D67 | I67: =IFERROR(__xludf.DUMMYFUNCTION("IFERROR(REGEXEXTRACT(E67, ""res(269|122)""), ""none"")"),"none") -> none | J67: -16.175959 | K67: 9 | L67: 3 | M67: 0.333333 | N67: 2 | O67: -0.314357 | P67: 100 | Q67: 0 | R67: 0 | S67: 97.843017
A68: /pi/summer.thyme-umw/rosetta_discovery_space/pth2/shapedb_results/refined_conformers/lower_res1_11_shifted/15/Z1367829528/269/placement/res269_7F16_receptor_only_Z1367829528_140_3.pdb | B68: Z1367829528 | C68: ='res269 Ari'!C68 -> maybe | D68: ='res269 Ari'!D68 | E68: ='res269 Summer'!C68 -> no | F68: ='res269 Summer'!D68 | G68: ='res269 Mary Shay'!C68 | H68: ='res269 Mary Shay'!D68 | I68: =IFERROR(__xludf.DUMMYFUNCTION("IFERROR(REGEXEXTRACT(E68, ""res(269|122)""), ""none"")"),"none") -> none | J68: -17.343073 | K68: 7 | L68: 2 | M68: 0.285714 | N68: 2 | O68: -0.812617 | P68: 100 | Q68: 0 | R68: 0 | S68: 93.130024
A69: /pi/summer.thyme-umw/rosetta_discovery_space/pth2/shapedb_results/refined_conformers/lower_res1_11_shifted/24/Z1444094132/269/placement/res269_7F16_receptor_only_Z1444094132_108_6.pdb | B69: Z1444094132 | C69: ='res269 Ari'!C69 -> maybe | D69: ='res269 Ari'!D69 | E69: ='res269 Summer'!C69 -> no | F69: ='res269 Summer'!D69 | G69: ='res269 Mary Shay'!C69 | H69: ='res269 Mary Shay'!D69 | I69: =IFERROR(__xludf.DUMMYFUNCTION("IFERROR(REGEXEXTRACT(E69, ""res(269|122)""), ""none"")"),"none") -> none | J69: -15.840535 | K69: 8 | L69: 3 | M69: 0.25 | N69: 2 | O69: -1.102898 | P69: 100 | Q69: 0 | R69: 0 | S69: 96.306567
A70: /pi/summer.thyme-umw/rosetta_discovery_space/pth2/shapedb_results/refined_conformers/lower_res1_11_shifted/31/Z1465195447/269/placement/res269_7F16_receptor_only_Z1465195447_53_4.pdb | B70: Z1465195447 | C70: ='res269 Ari'!C70 -> maybe | D70: ='res269 Ari'!D70 | E70: ='res269 Summer'!C70 -> no | F70: ='res269 Summer'!D70 | G70: ='res269 Mary Shay'!C70 | H70: ='res269 Mary Shay'!D70 | I70: =IFERROR(__xludf.DUMMYFUNCTION("IFERROR(REGEXEXTRACT(E70, ""res(269|122)""), ""none"")"),"none") -> none | J70: -15.34511 | K70: 6 | L70: 3 | M70: 0.333333 | N70: 2 | O70: -0.649549 | P70: 100 | Q70: 0 | R70: 0 | S70: 95.338674
A71: /pi/summer.thyme-umw/rosetta_discovery_space/pth2/shapedb_results/refined_conformers/lower_res1_11_shifted/26/Z1497805820/269/placement/res269_7F16_receptor_only_Z1497805820_150_11.pdb | B71: Z1497805820 | C71: ='res269 Ari'!C71 -> maybe | D71: ='res269 Ari'!D71 -> probably not good | E71: ='res269 Summer'!C71 -> no | F71: ='res269 Summer'!D71 | G71: ='res269 Mary Shay'!C71 | H71: ='res269 Mary Shay'!D71 | I71: =IFERROR(__xludf.DUMMYFUNCTION("IFERROR(REGEXEXTRACT(E71, ""res(269|122)""), ""none"")"),"none") -> none | J71: -15.869256 | K71: 7 | L71: 2 | M71: 0.428571 | N71: 3 | O71: -2.176816 | P71: 100 | Q71: 0 | R71: 0 | S71: 94.382499
A72: /pi/summer.thyme-umw/rosetta_discovery_space/pth2/shapedb_results/refined_conformers/lower_res1_11_shifted/20/Z1634233487/269/placement/res269_7F16_receptor_only_Z1634233487_99_4.pdb | B72: Z1634233487 | C72: ='res269 Ari'!C72 -> decent | D72: ='res269 Ari'!D72 | E72: ='res269 Summer'!C72 -> decent | F72: ='res269 Summer'!D72 | G72: ='res269 Mary Shay'!C72 | H72: ='res269 Mary Shay'!D72 | I72: =IFERROR(__xludf.DUMMYFUNCTION("IFERROR(REGEXEXTRACT(E72, ""res(269|122)""), ""none"")"),"none") -> none | J72: -16.284917 | K72: 8 | L72: 5 | M72: 0.25 | N72: 2 | O72: -1.566179 | P72: 100 | Q72: 0 | R72: 0 | S72: 97.398904
A73: /pi/summer.thyme-umw/rosetta_discovery_space/pth2/shapedb_results/refined_conformers/lower_res1_11_shifted/12/Z1998434183/269/placement/res269_7F16_receptor_only_Z1998434183_30_67.pdb | B73: Z1998434183 | C73: ='res269 Ari'!C73 -> maybe | D73: ='res269 Ari'!D73 | E73: ='res269 Summer'!C73 -> decent | F73: ='res269 Summer'!D73 | G73: ='res269 Mary Shay'!C73 | H73: ='res269 Mary Shay'!D73 | I73: =IFERROR(__xludf.DUMMYFUNCTION("IFERROR(REGEXEXTRACT(E73, ""res(269|122)""), ""none"")"),"none") -> none | J73: -16.118663 | K73: 9 | L73: 1 | M73: 0.333333 | N73: 2 | O73: -0.368431 | P73: 100 | Q73: 0 | R73: 0 | S73: 95.846239
A74: /pi/summer.thyme-umw/rosetta_discovery_space/pth2/shapedb_results/refined_conformers/lower_res1_11_shifted/38/Z2094209260/269/placement/res269_7F16_receptor_only_Z2094209260_97_1.pdb | B74: Z2094209260 | C74: ='res269 Ari'!C74 -> maybe | D74: ='res269 Ari'!D74 | E74: ='res269 Summer'!C74 -> no | F74: ='res269 Summer'!D74 | G74: ='res269 Mary Shay'!C74 | H74: ='res269 Mary Shay'!D74 | I74: =IFERROR(__xludf.DUMMYFUNCTION("IFERROR(REGEXEXTRACT(E74, ""res(269|122)""), ""none"")"),"none") -> none | J74: -15.441678 | K74: 7 | L74: 3 | M74: 0.571429 | N74: 2 | O74: -0.383116 | P74: 100 | Q74: 0 | R74: 0 | S74: 96.746635
A75: /pi/summer.thyme-umw/rosetta_discovery_space/pth2/shapedb_results/refined_conformers/lower_res5_11_shifted/3/Z3080952359/269/placement/res269_7F16_receptor_only_Z3080952359_52_0.pdb | B75: Z3080952359 | C75: ='res269 Ari'!C75 -> maybe | D75: ='res269 Ari'!D75 | E75: ='res269 Summer'!C75 -> no | F75: ='res269 Summer'!D75 | G75: ='res269 Mary Shay'!C75 | H75: ='res269 Mary Shay'!D75 | I75: =IFERROR(__xludf.DUMMYFUNCTION("IFERROR(REGEXEXTRACT(E75, ""res(269|122)""), ""none"")"),"none") -> none | J75: -15.43829 | K75: 8 | L75: 3 | M75: 0.375 | N75: 2 | O75: -1.14393 | P75: 100 | Q75: 0 | R75: 0 | S75: 96.79278
A76: /pi/summer.thyme-umw/rosetta_discovery_space/pth2/shapedb_results/refined_conformers/lower_res1_11_shifted/17/Z363295334/269/placement/res269_7F16_receptor_only_Z363295334_112_11.pdb | B76: Z363295334 | C76: ='res269 Ari'!C76 -> maybe | D76: ='res269 Ari'!D76 | E76: ='res269 Summer'!C76 -> no | F76: ='res269 Summer'!D76 | G76: ='res269 Mary Shay'!C76 | H76: ='res269 Mary Shay'!D76 | I76: =IFERROR(__xludf.DUMMYFUNCTION("IFERROR(REGEXEXTRACT(E76, ""res(269|122)""), ""none"")"),"none") -> none | J76: -16.179464 | K76: 11 | L76: 5 | M76: 0.454545 | N76: 2 | O76: -0.328299 | P76: 100 | Q76: 0 | R76: 0 | S76: 101.94678
A77: /pi/summer.thyme-umw/rosetta_discovery_space/pth2/shapedb_results/refined_conformers/lower_res1_11_shifted/42/Z395775478/269/placement/res269_7F16_receptor_only_Z395775478_134_52.pdb | B77: Z395775478 | C77: ='res269 Ari'!C77 -> maybe | D77: ='res269 Ari'!D77 -> unsatisfied sulfonamide O is probably bad | E77: ='res269 Summer'!C77 -> decent | F77: ='res269 Summer'!D77 | G77: ='res269 Mary Shay'!C77 | H77: ='res269 Mary Shay'!D77 | I77: =IFERROR(__xludf.DUMMYFUNCTION("IFERROR(REGEXEXTRACT(E77, ""res(269|122)""), ""none"")"),"none") -> none | J77: -15.935374 | K77: 10 | L77: 2 | M77: 0.3 | N77: 3 | O77: -1.849118 | P77: 100 | Q77: 0 | R77: 0 | S77: 97.515508
A78: /pi/summer.thyme-umw/rosetta_discovery_space/pth2/shapedb_results/refined_conformers/lower_res1_11_shifted/1/Z4322826053/269/placement/res269_7F16_receptor_only_Z4322826053_15_0.pdb | B78: Z4322826053 | C78: ='res269 Ari'!C78 -> decent | D78: ='res269 Ari'!D78 -> same pose as Z4322826055, enantiomer | E78: ='res269 Summer'!C78 -> no | F78: ='res269 Summer'!D78 | G78: ='res269 Mary Shay'!C78 | H78: ='res269 Mary Shay'!D78 | I78: =IFERROR(__xludf.DUMMYFUNCTION("IFERROR(REGEXEXTRACT(E78, ""res(269|122)""), ""none"")"),"none") -> none | J78: -15.953649 | K78: 12 | L78: 5 | M78: 0.416667 | N78: 3 | O78: -0.584621 | P78: 100 | Q78: 0 | R78: 0 | S78: 103.8784
A79: /pi/summer.thyme-umw/rosetta_discovery_space/pth2/shapedb_results/refined_conformers/lower_res1_11_shifted/1/Z4322826055/269/placement/res269_7F16_receptor_only_Z4322826055_15_0.pdb | B79: Z4322826055 | C79: ='res269 Ari'!C79 -> decent | D79: ='res269 Ari'!D79 -> same pose as Z4322826053, enantiomer | E79: ='res269 Summer'!C79 -> no | F79: ='res269 Summer'!D79 | G79: ='res269 Mary Shay'!C79 | H79: ='res269 Mary Shay'!D79 | I79: =IFERROR(__xludf.DUMMYFUNCTION("IFERROR(REGEXEXTRACT(E79, ""res(269|122)""), ""none"")"),"none") -> none | J79: -15.953649 | K79: 12 | L79: 5 | M79: 0.416667 | N79: 3 | O79: -0.584621 | P79: 100 | Q79: 0 | R79: 0 | S79: 103.8784
A80: /pi/summer.thyme-umw/rosetta_discovery_space/pth2/shapedb_results/refined_conformers/lower_res1_11_shifted/14/Z4881795915/269/placement/res269_7F16_receptor_only_Z4881795915_226_8.pdb | B80: Z4881795915 | C80: ='res269 Ari'!C80 -> maybe | D80: ='res269 Ari'!D80 -> same pose as Z4881795942, enantiomer | E80: ='res269 Summer'!C80 -> no | F80: ='res269 Summer'!D80 | G80: ='res269 Mary Shay'!C80 | H80: ='res269 Mary Shay'!D80 | I80: =IFERROR(__xludf.DUMMYFUNCTION("IFERROR(REGEXEXTRACT(E80, ""res(269|122)""), ""none"")"),"none") -> none | J80: -15.47128 | K80: 8 | L80: 5 | M80: 0.5 | N80: 2 | O80: -0.38008 | P80: 100 | Q80: 0 | R80: 0 | S80: 99.64864
A81: /pi/summer.thyme-umw/rosetta_discovery_space/pth2/shapedb_results/refined_conformers/lower_res1_11_shifted/14/Z4881795942/269/placement/res269_7F16_receptor_only_Z4881795942_226_8.pdb | B81: Z4881795942 | C81: ='res269 Ari'!C81 -> maybe | D81: ='res269 Ari'!D81 -> same pose as Z4881795915, enantiomer | E81: ='res269 Summer'!C81 -> decent | F81: ='res269 Summer'!D81 | G81: ='res269 Mary Shay'!C81 | H81: ='res269 Mary Shay'!D81 | I81: =IFERROR(__xludf.DUMMYFUNCTION("IFERROR(REGEXEXTRACT(E81, ""res(269|122)""), ""none"")"),"none") -> none | J81: -15.47128 | K81: 8 | L81: 5 | M81: 0.5 | N81: 2 | O81: -0.38008 | P81: 100 | Q81: 0 | R81: 0 | S81: 99.64864
A82: /pi/summer.thyme-umw/rosetta_discovery_space/pth2/shapedb_results/refined_conformers/lower_res1_11_shifted/21/Z606021628/269/placement/res269_7F16_receptor_only_Z606021628_7_1.pdb | B82: Z606021628 | C82: ='res269 Ari'!C82 -> maybe | D82: ='res269 Ari'!D82 | E82: ='res269 Summer'!C82 -> maybe | F82: ='res269 Summer'!D82 | G82: ='res269 Mary Shay'!C82 | H82: ='res269 Mary Shay'!D82 | I82: =IFERROR(__xludf.DUMMYFUNCTION("IFERROR(REGEXEXTRACT(E82, ""res(269|122)""), ""none"")"),"none") -> none | J82: -15.350062 | K82: 8 | L82: 3 | M82: 0.375 | N82: 2 | O82: -1.00126 | P82: 100 | Q82: 0 | R82: 0 | S82: 97.023678
A83: /pi/summer.thyme-umw/rosetta_discovery_space/pth2/shapedb_results/refined_conformers/lower_res1_11_shifted/30/Z735508476/269/placement/res269_7F16_receptor_only_Z735508476_101_2.pdb | B83: Z735508476 | C83: ='res269 Ari'!C83 -> maybe | D83: ='res269 Ari'!D83 | E83: ='res269 Summer'!C83 -> no | F83: ='res269 Summer'!D83 | G83: ='res269 Mary Shay'!C83 | H83: ='res269 Mary Shay'!D83 | I83: =IFERROR(__xludf.DUMMYFUNCTION("IFERROR(REGEXEXTRACT(E83, ""res(269|122)""), ""none"")"),"none") -> none | J83: -17.013166 | K83: 10 | L83: 3 | M83: 0.4 | N83: 2 | O83: -0.429581 | P83: 100 | Q83: 0 | R83: 0 | S83: 97.957253
A84: /pi/summer.thyme-umw/rosetta_discovery_space/pth2/shapedb_results/refined_conformers/lower_res1_11_shifted/24/Z768140560/269/placement/res269_7F16_receptor_only_Z768140560_208_0.pdb | B84: Z768140560 | C84: ='res269 Ari'!C84 -> maybe | D84: ='res269 Ari'!D84 | E84: ='res269 Summer'!C84 -> decent | F84: ='res269 Summer'!D84 | G84: ='res269 Mary Shay'!C84 | H84: ='res269 Mary Shay'!D84 | I84: =IFERROR(__xludf.DUMMYFUNCTION("IFERROR(REGEXEXTRACT(E84, ""res(269|122)""), ""none"")"),"none") -> none | J84: -17.033126 | K84: 11 | L84: 5 | M84: 0.363636 | N84: 2 | O84: -1.0082 | P84: 100 | Q84: 0 | R84: 0 | S84: 100.32231
A85: /pi/summer.thyme-umw/rosetta_discovery_space/pth2/shapedb_results/refined_conformers/lower_res1_11_shifted/19/Z940680074/269/placement/res269_7F16_receptor_only_Z940680074_25_66.pdb | B85: Z940680074 | C85: ='res269 Ari'!C85 -> maybe | D85: ='res269 Ari'!D85 | E85: ='res269 Summer'!C85 -> maybe | F85: ='res269 Summer'!D85 | G85: ='res269 Mary Shay'!C85 | H85: ='res269 Mary Shay'!D85 | I85: =IFERROR(__xludf.DUMMYFUNCTION("IFERROR(REGEXEXTRACT(E85, ""res(269|122)""), ""none"")"),"none") -> none | J85: -15.889195 | K85: 10 | L85: 4 | M85: 0.3 | N85: 2 | O85: -1.177871 | P85: 100 | Q85: 0 | R85: 0 | S85: 99.232934
E86: ='res269 Summer (old)'!C86 | F86: ='res269 Summer (old)'!D86 | G86: ='res269 Mary Shay'!C86 | H86: ='res269 Mary Shay'!D86
E87: ='res269 Summer (old)'!C87 | F87: ='res269 Summer (old)'!D87 | G87: ='res269 Mary Shay'!C87 | H87: ='res269 Mary Shay'!D87
E88: ='res269 Summer (old)'!C88 | F88: ='res269 Summer (old)'!D88 | G88: ='res269 Mary Shay'!C88 | H88: ='res269 Mary Shay'!D88
E89: ='res269 Summer (old)'!C89 | F89: ='res269 Summer (old)'!D89 | G89: ='res269 Mary Shay'!C89 | H89: ='res269 Mary Shay'!D89
E90: ='res269 Summer (old)'!C90 | F90: ='res269 Summer (old)'!D90 | G90: ='res269 Mary Shay'!C90 | H90: ='res269 Mary Shay'!D90
E91: ='res269 Summer (old)'!C91 | F91: ='res269 Summer (old)'!D91 | G91: ='res269 Mary Shay'!C91 | H91: ='res269 Mary Shay'!D91
E92: ='res269 Summer (old)'!C92 | F92: ='res269 Summer (old)'!D92 | G92: ='res269 Mary Shay'!C92 | H92: ='res269 Mary Shay'!D92
E93: ='res269 Summer (old)'!C93 | F93: ='res269 Summer (old)'!D93 | G93: ='res269 Mary Shay'!C93 | H93: ='res269 Mary Shay'!D93
E94: ='res269 Summer (old)'!C94 | F94: ='res269 Summer (old)'!D94 | G94: ='res269 Mary Shay'!C94 | H94: ='res269 Mary Shay'!D94
E95: ='res269 Summer (old)'!C95 | F95: ='res269 Summer (old)'!D95 | G95: ='res269 Mary Shay'!C95 | H95: ='res269 Mary Shay'!D95
E96: ='res269 Summer (old)'!C96 | F96: ='res269 Summer (old)'!D96 | G96: ='res269 Mary Shay'!C96 | H96: ='res269 Mary Shay'!D96
E97: ='res269 Summer (old)'!C97 | F97: ='res269 Summer (old)'!D97 | G97: ='res269 Mary Shay'!C97 | H97: ='res269 Mary Shay'!D97
... E311: ='res269 Summer (old)'!C311 | F311: ='res269 Summer (old)'!D311 | G311: ='res269 Mary Shay'!C311 | H311: ='res269 Mary Shay'!D311

Sheet res122 Ari
A1: file | B1: ligand_name | C1: Does Ari Like? | D1: Comments | E1: anchor | F1: ddg | G1: total_motifs | H1: significant_motifs | I1: real_motif_ratio | J1: hbond_motif_count | K1: hbond_motif_energy_sum | L1: closest_autodock_recovery_rmsd | M1: closest_autodock_recovery_ddg | N1: strain_energy | O1: total
A2: /pi/summer.thyme-umw/rosetta_discovery_space/pth2/shapedb_results/refined_conformers/lower_res1_11_shifted/0/PV-003476110573/122/placement/res122_7F16_receptor_only_PV-003476110573_20_3.pdb | B2: PV-003476110573 | C2: maybe | D2: probably reject over how it hits arg160 and asn402 | E2: =IFERROR(__xludf.DUMMYFUNCTION("IFERROR(REGEXEXTRACT(A2, ""res(269|122)""), ""none"")"),"122") -> 122 | F2: -15.535781 | G2: 9 | H2: 3 | I2: 0.444444 | J2: 2 | K2: -1.719191 | L2: 100 | M2: 0 | N2: 0 | O2: 97.189472
A3: /pi/summer.thyme-umw/rosetta_discovery_space/pth2/shapedb_results/refined_conformers/lower_res5_11_shifted/7/PV-004363072660/122/placement/res122_7F16_receptor_only_PV-004363072660_208_3.pdb | B3: PV-004363072660 | C3: maybe | D3: not best around middle and has ester | E3: =IFERROR(__xludf.DUMMYFUNCTION("IFERROR(REGEXEXTRACT(A3, ""res(269|122)""), ""none"")"),"122") -> 122 | F3: -17.372141 | G3: 10 | H3: 2 | I3: 0.3 | J3: 2 | K3: -1.446995 | L3: 100 | M3: 0 | N3: 0 | O3: 95.480864
A4: /pi/summer.thyme-umw/rosetta_discovery_space/pth2/shapedb_results/refined_conformers/lower_res5_11_shifted/4/PV-004434805041/122/placement/res122_7F16_receptor_only_PV-004434805041_203_1.pdb | B4: PV-004434805041 | C4: maybe | D4: probably bad, but I do kind of like how it snakes up and interaction with TYR122 is apparently real. carbonyl into val191 is probably really bad | E4: =IFERROR(__xludf.DUMMYFUNCTION("IFERROR(REGEXEXTRACT(A4, ""res(269|122)""), ""none"")"),"122") -> 122 | F4: -15.13854 | G4: 9 | H4: 4 | I4: 0.333333 | J4: 2 | K4: -1.065005 | L4: 100 | M4: 0 | N4: 0 | O4: 99.129788
A5: /pi/summer.thyme-umw/rosetta_discovery_space/pth2/shapedb_results/refined_conformers/lower_res1_11_shifted/16/PV-004444948705/122/placement/res122_7F16_receptor_only_PV-004444948705_47_1.pdb | B5: PV-004444948705 | C5: maybe | D5: could maybe flex to hit glu398 | E5: =IFERROR(__xludf.DUMMYFUNCTION("IFERROR(REGEXEXTRACT(A5, ""res(269|122)""), ""none"")"),"122") -> 122 | F5: -15.55909 | G5: 12 | H5: 4 | I5: 0.25 | J5: 2 | K5: -0.857348 | L5: 100 | M5: 0 | N5: 0 | O5: 101.83356
A6: /pi/summer.thyme-umw/rosetta_discovery_space/pth2/shapedb_results/refined_conformers/lower_res1_11_shifted/24/PV-004502754221/122/placement/res122_7F16_receptor_only_PV-004502754221_27_2.pdb | B6: PV-004502754221 | C6: maybe | D6: if tyr122 H moves, could form hbond | E6: =IFERROR(__xludf.DUMMYFUNCTION("IFERROR(REGEXEXTRACT(A6, ""res(269|122)""), ""none"")"),"122") -> 122 | F6: -16.502904 | G6: 8 | H6: 3 | I6: 0.25 | J6: 3 | K6: -0.998347 | L6: 100 | M6: 0 | N6: 0 | O6: 96.748749
A7: /pi/summer.thyme-umw/rosetta_discovery_space/pth2/shapedb_results/refined_conformers/lower_res1_11_shifted/30/PV-004506477178/122/placement/res122_7F16_receptor_only_PV-004506477178_31_0.pdb | B7: PV-004506477178 | C7: decent | D7: it's bendy, but I like how it hits overall. check strain score | E7: =IFERROR(__xludf.DUMMYFUNCTION("IFERROR(REGEXEXTRACT(A7, ""res(269|122)""), ""none"")"),"122") -> 122 | F7: -16.222639 | G7: 10 | H7: 3 | I7: 0.3 | J7: 2 | K7: -1.763647 | L7: 100 | M7: 0 | N7: 0 | O7: 97.313714
A8: /pi/summer.thyme-umw/rosetta_discovery_space/pth2/shapedb_results/refined_conformers/lower_res1_11_shifted/18/PV-004506718703/122/placement/res122_7F16_receptor_only_PV-004506718703_31_1.pdb | B8: PV-004506718703 | C8: maybe | D8: misses res122 but pose looks not terrible | E8: =IFERROR(__xludf.DUMMYFUNCTION("IFERROR(REGEXEXTRACT(A8, ""res(269|122)""), ""none"")"),"122") -> 122 | F8: -15.296063 | G8: 8 | H8: 3 | I8: 0.25 | J8: 2 | K8: -1.293353 | L8: 100 | M8: 0 | N8: 0 | O8: 96.660584
A9: /pi/summer.thyme-umw/rosetta_discovery_space/pth2/shapedb_results/refined_conformers/lower_res1_11_shifted/1/PV-004576257327/122/placement/res122_7F16_receptor_only_PV-004576257327_176_5.pdb | B9: PV-004576257327 | C9: decent | E9: =IFERROR(__xludf.DUMMYFUNCTION("IFERROR(REGEXEXTRACT(A9, ""res(269|122)""), ""none"")"),"122") -> 122 | F9: -15.047575 | G9: 8 | H9: 4 | I9: 0.25 | J9: 2 | K9: -1.824829 | L9: 100 | M9: 0 | N9: 0 | O9: 97.377596
A10: /pi/summer.thyme-umw/rosetta_discovery_space/pth2/shapedb_results/refined_conformers/lower_res1_11_shifted/23/PV-004655902680/122/placement/res122_7F16_receptor_only_PV-004655902680_26_5.pdb | B10: PV-004655902680 | C10: decent | D10: can carbonyl point into tyrosine like into a benzene? | E10: =IFERROR(__xludf.DUMMYFUNCTION("IFERROR(REGEXEXTRACT(A10, ""res(269|122)""), ""none"")"),"122") -> 122 | F10: -15.950047 | G10: 7 | H10: 3 | I10: 0.285714 | J10: 3 | K10: -1.505897 | L10: 100 | M10: 0 | N10: 0 | O10: 95.82977
A11: /pi/summer.thyme-umw/rosetta_discovery_space/pth2/shapedb_results/refined_conformers/lower_res1_11_shifted/17/PV-004798493641/122/placement/res122_7F16_receptor_only_PV-004798493641_166_0.pdb | B11: PV-004798493641 | C11: maybe | D11: I like binding profile at bottom, but ASN402 could be a problem | E11: =IFERROR(__xludf.DUMMYFUNCTION("IFERROR(REGEXEXTRACT(A11, ""res(269|122)""), ""none"")"),"122") -> 122 | F11: -15.642859 | G11: 11 | H11: 3 | I11: 0.272727 | J11: 2 | K11: -1.1816 | L11: 100 | M11: 0 | N11: 0 | O11: 99.448268
A12: /pi/summer.thyme-umw/rosetta_discovery_space/pth2/shapedb_results/refined_conformers/lower_res5_11_shifted/1/PV-004887538871/122/placement/res122_7F16_receptor_only_PV-004887538871_10_3.pdb | B12: PV-004887538871 | C12: maybe | D12: not great against tyr122 | E12: =IFERROR(__xludf.DUMMYFUNCTION("IFERROR(REGEXEXTRACT(A12, ""res(269|122)""), ""none"")"),"122") -> 122 | F12: -15.476613 | G12: 12 | H12: 4 | I12: 0.333333 | J12: 2 | K12: -0.623346 | L12: 100 | M12: 0 | N12: 0 | O12: 102.23337
A13: /pi/summer.thyme-umw/rosetta_discovery_space/pth2/shapedb_results/refined_conformers/lower_res5_11_shifted/10/PV-004894803557/122/placement/res122_7F16_receptor_only_PV-004894803557_120_3.pdb | B13: PV-004894803557 | C13: decent | E13: =IFERROR(__xludf.DUMMYFUNCTION("IFERROR(REGEXEXTRACT(A13, ""res(269|122)""), ""none"")"),"122") -> 122 | F13: -16.216217 | G13: 7 | H13: 4 | I13: 0.285714 | J13: 2 | K13: -0.930066 | L13: 100 | M13: 0 | N13: 0 | O13: 96.139431
A14: /pi/summer.thyme-umw/rosetta_discovery_space/pth2/shapedb_results/refined_conformers/lower_res1_11_shifted/17/PV-004938971812/122/placement/res122_7F16_receptor_only_PV-004938971812_58_0.pdb | B14: PV-004938971812 | C14: maybe | E14: =IFERROR(__xludf.DUMMYFUNCTION("IFERROR(REGEXEXTRACT(A14, ""res(269|122)""), ""none"")"),"122") -> 122 | F14: -15.113702 | G14: 8 | H14: 3 | I14: 0.25 | J14: 2 | K14: -0.761492 | L14: 100 | M14: 0 | N14: 0 | O14: 97.374806
A15: /pi/summer.thyme-umw/rosetta_discovery_space/pth2/shapedb_results/refined_conformers/lower_res5_11_shifted/2/PV-004986901707/122/placement/res122_7F16_receptor_only_PV-004986901707_31_1.pdb | B15: PV-004986901707 | C15: maybe | D15: carbonyl in middle could maybe hit water? | E15: =IFERROR(__xludf.DUMMYFUNCTION("IFERROR(REGEXEXTRACT(A15, ""res(269|122)""), ""none"")"),"122") -> 122 | F15: -15.419001 | G15: 8 | H15: 5 | I15: 0.5 | J15: 3 | K15: -1.097048 | L15: 100 | M15: 0 | N15: 0 | O15: 99.983951
A16: /pi/summer.thyme-umw/rosetta_discovery_space/pth2/shapedb_results/refined_conformers/lower_res1_11_shifted/0/PV-005198202028/122/placement/res122_7F16_receptor_only_PV-005198202028_82_1.pdb | B16: PV-005198202028 | C16: maybe | D16: phe194 interaction could be bad | E16: =IFERROR(__xludf.DUMMYFUNCTION("IFERROR(REGEXEXTRACT(A16, ""res(269|122)""), ""none"")"),"122") -> 122 | F16: -15.695975 | G16: 7 | H16: 5 | I16: 0.428571 | J16: 2 | K16: -0.51858 | L16: 100 | M16: 0 | N16: 0 | O16: 98.214016
A17: /pi/summer.thyme-umw/rosetta_discovery_space/pth2/shapedb_results/refined_conformers/lower_res1_11_shifted/2/PV-005424082445/122/placement/res122_7F16_receptor_only_PV-005424082445_136_0.pdb | B17: PV-005424082445 | C17: maybe | E17: =IFERROR(__xludf.DUMMYFUNCTION("IFERROR(REGEXEXTRACT(A17, ""res(269|122)""), ""none"")"),"122") -> 122 | F17: -15.040718 | G17: 6 | H17: 3 | I17: 0.333333 | J17: 2 | K17: -1.138986 | L17: 100 | M17: 0 | N17: 0 | O17: 95.153629
A18: /pi/summer.thyme-umw/rosetta_discovery_space/pth2/shapedb_results/refined_conformers/lower_res1_11_shifted/25/PV-005510814641/122/placement/res122_7F16_receptor_only_PV-005510814641_23_0.pdb | B18: PV-005510814641 | C18: decent | D18: I like all the intereactions and maybe tyr188 could work | E18: =IFERROR(__xludf.DUMMYFUNCTION("IFERROR(REGEXEXTRACT(A18, ""res(269|122)""), ""none"")"),"122") -> 122 | F18: -15.260381 | G18: 8 | H18: 3 | I18: 0.25 | J18: 3 | K18: -1.428861 | L18: 100 | M18: 0 | N18: 0 | O18: 97.560758
A19: /pi/summer.thyme-umw/rosetta_discovery_space/pth2/shapedb_results/refined_conformers/lower_res1_11_shifted/39/PV-005707415833/122/placement/res122_7F16_receptor_only_PV-005707415833_54_0.pdb | B19: PV-005707415833 | C19: decent | D19: maybe water could satisfy glu398 | E19: =IFERROR(__xludf.DUMMYFUNCTION("IFERROR(REGEXEXTRACT(A19, ""res(269|122)""), ""none"")"),"122") -> 122 | F19: -16.747691 | G19: 10 | H19: 4 | I19: 0.4 | J19: 2 | K19: -1.533959 | L19: 100 | M19: 0 | N19: 0 | O19: 98.11835
A20: /pi/summer.thyme-umw/rosetta_discovery_space/pth2/shapedb_results/refined_conformers/lower_res5_11_shifted/6/PV-005718401883/122/placement/res122_7F16_receptor_only_PV-005718401883_69_3.pdb | B20: PV-005718401883 | C20: maybe | E20: =IFERROR(__xludf.DUMMYFUNCTION("IFERROR(REGEXEXTRACT(A20, ""res(269|122)""), ""none"")"),"122") -> 122 | F20: -15.251888 | G20: 10 | H20: 4 | I20: 0.4 | J20: 2 | K20: -0.922495 | L20: 100 | M20: 0 | N20: 0 | O20: 100.22562
A21: /pi/summer.thyme-umw/rosetta_discovery_space/pth2/shapedb_results/refined_conformers/lower_res1_11_shifted/33/PV-005755365192/122/placement/res122_7F16_receptor_only_PV-005755365192_61_5.pdb | B21: PV-005755365192 | C21: maybe | E21: =IFERROR(__xludf.DUMMYFUNCTION("IFERROR(REGEXEXTRACT(A21, ""res(269|122)""), ""none"")"),"122") -> 122 | F21: -15.933583 | G21: 10 | H21: 4 | I21: 0.4 | J21: 3 | K21: -0.861401 | L21: 100 | M21: 0 | N21: 0 | O21: 100.60502
A22: /pi/summer.thyme-umw/rosetta_discovery_space/pth2/shapedb_results/refined_conformers/lower_res1_11_shifted/26/PV-005853342661/122/placement/res122_7F16_receptor_only_PV-005853342661_19_1.pdb | B22: PV-005853342661 | C22: maybe | E22: =IFERROR(__xludf.DUMMYFUNCTION("IFERROR(REGEXEXTRACT(A22, ""res(269|122)""), ""none"")"),"122") -> 122 | F22: -15.3418 | G22: 9 | H22: 4 | I22: 0.333333 | J22: 2 | K22: -1.486109 | L22: 100 | M22: 0 | N22: 0 | O22: 98.505424
A23: /pi/summer.thyme-umw/rosetta_discovery_space/pth2/shapedb_results/refined_conformers/lower_res1_11_shifted/33/PV-005890621085/122/placement/res122_7F16_receptor_only_PV-005890621085_19_0.pdb | B23: PV-005890621085 | C23: maybe | E23: =IFERROR(__xludf.DUMMYFUNCTION("IFERROR(REGEXEXTRACT(A23, ""res(269|122)""), ""none"")"),"122") -> 122 | F23: -16.481134 | G23: 7 | H23: 3 | I23: 0.285714 | J23: 2 | K23: -1.079586 | L23: 100 | M23: 0 | N23: 0 | O23: 94.724994
A24: /pi/summer.thyme-umw/rosetta_discovery_space/pth2/shapedb_results/refined_conformers/lower_res1_11_shifted/0/PV-006198527401/122/placement/res122_7F16_receptor_only_PV-006198527401_21_4.pdb | B24: PV-006198527401 | C24: decent | D24: a lot of questionable interactions seem corroborated by real motifs | E24: =IFERROR(__xludf.DUMMYFUNCTION("IFERROR(REGEXEXTRACT(A24, ""res(269|122)""), ""none"")"),"122") -> 122 | F24: -15.209335 | G24: 9 | H24: 3 | I24: 0.555556 | J24: 2 | K24: -0.616797 | L24: 100 | M24: 0 | N24: 0 | O24: 98.729424
A25: /pi/summer.thyme-umw/rosetta_discovery_space/pth2/shapedb_results/refined_conformers/lower_res1_11_shifted/18/PV-006238161235/122/placement/res122_7F16_receptor_only_PV-006238161235_54_0.pdb | B25: PV-006238161235 | C25: decent | E25: =IFERROR(__xludf.DUMMYFUNCTION("IFERROR(REGEXEXTRACT(A25, ""res(269|122)""), ""none"")"),"122") -> 122 | F25: -16.256898 | G25: 11 | H25: 4 | I25: 0.272727 | J25: 2 | K25: -1.787076 | L25: 100 | M25: 0 | N25: 0 | O25: 99.228753
A26: /pi/summer.thyme-umw/rosetta_discovery_space/pth2/shapedb_results/refined_conformers/lower_res1_11_shifted/34/PV-006332485654/122/placement/res122_7F16_receptor_only_PV-006332485654_195_1.pdb | B26: PV-006332485654 | C26: maybe | E26: =IFERROR(__xludf.DUMMYFUNCTION("IFERROR(REGEXEXTRACT(A26, ""res(269|122)""), ""none"")"),"122") -> 122 | F26: -17.376492 | G26: 6 | H26: 3 | I26: 0.333333 | J26: 2 | K26: -0.775723 | L26: 100 | M26: 0 | N26: 0 | O26: 93.181118
A27: /pi/summer.thyme-umw/rosetta_discovery_space/pth2/shapedb_results/refined_conformers/lower_res1_11_shifted/34/PV-006630775433/122/placement/res122_7F16_receptor_only_PV-006630775433_204_2.pdb | B27: PV-006630775433 | C27: maybe | E27: =IFERROR(__xludf.DUMMYFUNCTION("IFERROR(REGEXEXTRACT(A27, ""res(269|122)""), ""none"")"),"122") -> 122 | F27: -17.724274 | G27: 8 | H27: 3 | I27: 0.25 | J27: 2 | K27: -1.29153 | L27: 100 | M27: 0 | N27: 0 | O27: 94.234196
A28: /pi/summer.thyme-umw/rosetta_discovery_space/pth2/shapedb_results/refined_conformers/lower_res1_11_shifted/35/Z1449053877/122/placement/res122_7F16_receptor_only_Z1449053877_143_1.pdb | B28: Z1449053877 | C28: maybe | E28: =IFERROR(__xludf.DUMMYFUNCTION("IFERROR(REGEXEXTRACT(A28, ""res(269|122)""), ""none"")"),"122") -> 122 | F28: -16.569372 | G28: 8 | H28: 3 | I28: 0.5 | J28: 2 | K28: -0.987431 | L28: 100 | M28: 0 | N28: 0 | O28: 95.943197
A29: /pi/summer.thyme-umw/rosetta_discovery_space/pth2/shapedb_results/refined_conformers/lower_res1_11_shifted/39/Z1472467618/122/placement/res122_7F16_receptor_only_Z1472467618_141_1.pdb | B29: Z1472467618 | C29: maybe | E29: =IFERROR(__xludf.DUMMYFUNCTION("IFERROR(REGEXEXTRACT(A29, ""res(269|122)""), ""none"")"),"122") -> 122 | F29: -16.448389 | G29: 9 | H29: 3 | I29: 0.333333 | J29: 2 | K29: -1.562614 | L29: 100 | M29: 0 | N29: 0 | O29: 96.32233
A30: /pi/summer.thyme-umw/rosetta_discovery_space/pth2/shapedb_results/refined_conformers/lower_res1_11_shifted/4/Z1521810617/122/placement/res122_7F16_receptor_only_Z1521810617_4_7.pdb | B30: Z1521810617 | C30: maybe | E30: =IFERROR(__xludf.DUMMYFUNCTION("IFERROR(REGEXEXTRACT(A30, ""res(269|122)""), ""none"")"),"122") -> 122 | F30: -16.810235 | G30: 9 | H30: 3 | I30: 0.444444 | J30: 2 | K30: -0.880047 | L30: 100 | M30: 0 | N30: 0 | O30: 96.754162
A31: /pi/summer.thyme-umw/rosetta_discovery_space/pth2/shapedb_results/refined_conformers/lower_res5_11_shifted/7/Z1635074496/122/placement/res122_7F16_receptor_only_Z1635074496_50_0.pdb | B31: Z1635074496 | C31: maybe | E31: =IFERROR(__xludf.DUMMYFUNCTION("IFERROR(REGEXEXTRACT(A31, ""res(269|122)""), ""none"")"),"122") -> 122 | F31: -15.466932 | G31: 7 | H31: 3 | I31: 0.285714 | J31: 2 | K31: -1.068929 | L31: 100 | M31: 0 | N31: 0 | O31: 95.749853
A32: /pi/summer.thyme-umw/rosetta_discovery_space/pth2/shapedb_results/refined_conformers/lower_res1_11_shifted/18/Z1712441482/122/placement/res122_7F16_receptor_only_Z1712441482_38_2.pdb | B32: Z1712441482 | C32: maybe | E32: =IFERROR(__xludf.DUMMYFUNCTION("IFERROR(REGEXEXTRACT(A32, ""res(269|122)""), ""none"")"),"122") -> 122 | F32: -15.035637 | G32: 8 | H32: 4 | I32: 0.25 | J32: 2 | K32: -0.915905 | L32: 100 | M32: 0 | N32: 0 | O32: 98.298458
A33: /pi/summer.thyme-umw/rosetta_discovery_space/pth2/shapedb_results/refined_conformers/lower_res1_11_shifted/22/Z1890281904/122/placement/res122_7F16_receptor_only_Z1890281904_170_0.pdb | B33: Z1890281904 | C33: maybe | E33: =IFERROR(__xludf.DUMMYFUNCTION("IFERROR(REGEXEXTRACT(A33, ""res(269|122)""), ""none"")"),"122") -> 122 | F33: -16.448683 | G33: 7 | H33: 4 | I33: 0.428571 | J33: 2 | K33: -1.118176 | L33: 100 | M33: 0 | N33: 0 | O33: 95.861712
A34: /pi/summer.thyme-umw/rosetta_discovery_space/pth2/shapedb_results/refined_conformers/lower_res1_11_shifted/11/Z1900476180/122/placement/res122_7F16_receptor_only_Z1900476180_242_0.pdb | B34: Z1900476180 | C34: maybe | E34: =IFERROR(__xludf.DUMMYFUNCTION("IFERROR(REGEXEXTRACT(A34, ""res(269|122)""), ""none"")"),"122") -> 122 | F34: -15.291041 | G34: 8 | H34: 3 | I34: 0.375 | J34: 2 | K34: -0.739299 | L34: 100 | M34: 0 | N34: 0 | O34: 97.34466
A35: /pi/summer.thyme-umw/rosetta_discovery_space/pth2/shapedb_results/refined_conformers/lower_res1_11_shifted/1/Z2172130424/122/placement/res122_7F16_receptor_only_Z2172130424_163_1.pdb | B35: Z2172130424 | C35: maybe | E35: =IFERROR(__xludf.DUMMYFUNCTION("IFERROR(REGEXEXTRACT(A35, ""res(269|122)""), ""none"")"),"122") -> 122 | F35: -15.786774 | G35: 8 | H35: 4 | I35: 0.25 | J35: 3 | K35: -1.312683 | L35: 100 | M35: 0 | N35: 0 | O35: 98.150543
A36: /pi/summer.thyme-umw/rosetta_discovery_space/pth2/shapedb_results/refined_conformers/lower_res5_11_shifted/5/Z2185392665/122/placement/res122_7F16_receptor_only_Z2185392665_53_4.pdb | B36: Z2185392665 | C36: maybe | E36: =IFERROR(__xludf.DUMMYFUNCTION("IFERROR(REGEXEXTRACT(A36, ""res(269|122)""), ""none"")"),"122") -> 122 | F36: -15.074335 | G36: 8 | H36: 3 | I36: 0.25 | J36: 3 | K36: -2.102802 | L36: 100 | M36: 0 | N36: 0 | O36: 97.072863
A37: /pi/summer.thyme-umw/rosetta_discovery_space/pth2/shapedb_results/refined_conformers/lower_res1_11_shifted/38/Z2230306060/122/placement/res122_7F16_receptor_only_Z2230306060_14_2.pdb | B37: Z2230306060 | C37: decent | D37: this looks pretty good and the ring with S and N could maybe just flip to hit PHE111 a lot better | E37: =IFERROR(__xludf.DUMMYFUNCTION("IFERROR(REGEXEXTRACT(A37, ""res(269|122)""), ""none"")"),"122") -> 122 | F37: -16.056932 | G37: 7 | H37: 3 | I37: 0.571429 | J37: 2 | K37: -0.884192 | L37: 100 | M37: 0 | N37: 0 | O37: 95.630305
A38: /pi/summer.thyme-umw/rosetta_discovery_space/pth2/shapedb_results/refined_conformers/lower_res5_11_shifted/0/Z3011172425/122/placement/res122_7F16_receptor_only_Z3011172425_6_0.pdb | B38: Z3011172425 | C38: maybe | E38: =IFERROR(__xludf.DUMMYFUNCTION("IFERROR(REGEXEXTRACT(A38, ""res(269|122)""), ""none"")"),"122") -> 122 | F38: -17.375967 | G38: 8 | H38: 3 | I38: 0.25 | J38: 2 | K38: -1.320226 | L38: 100 | M38: 0 | N38: 0 | O38: 94.553807
A39: /pi/summer.thyme-umw/rosetta_discovery_space/pth2/shapedb_results/refined_conformers/lower_res1_11_shifted/23/Z3541565108/122/placement/res122_7F16_receptor_only_Z3541565108_89_7.pdb | B39: Z3541565108 | C39: maybe | E39: =IFERROR(__xludf.DUMMYFUNCTION("IFERROR(REGEXEXTRACT(A39, ""res(269|122)""), ""none"")"),"122") -> 122 | F39: -17.093997 | G39: 10 | H39: 3 | I39: 0.3 | J39: 2 | K39: -0.77841 | L39: 100 | M39: 0 | N39: 0 | O39: 97.427593
A40: /pi/summer.thyme-umw/rosetta_discovery_space/pth2/shapedb_results/refined_conformers/lower_res1_11_shifted/4/Z373510144/122/placement/res122_7F16_receptor_only_Z373510144_152_4.pdb | B40: Z373510144 | C40: yes | D40: I don't really see anything bad about this, it is stabilized with multiple hbonds across the pocket | E40: =IFERROR(__xludf.DUMMYFUNCTION("IFERROR(REGEXEXTRACT(A40, ""res(269|122)""), ""none"")"),"122") -> 122 | F40: -17.086206 | G40: 7 | H40: 4 | I40: 0.285714 | J40: 3 | K40: -1.038701 | L40: 100 | M40: 0 | N40: 0 | O40: 96.160807
A41: /pi/summer.thyme-umw/rosetta_discovery_space/pth2/shapedb_results/refined_conformers/lower_res1_11_shifted/32/Z410608138/122/placement/res122_7F16_receptor_only_Z410608138_27_7.pdb | B41: Z410608138 | C41: decent | E41: =IFERROR(__xludf.DUMMYFUNCTION("IFERROR(REGEXEXTRACT(A41, ""res(269|122)""), ""none"")"),"122") -> 122 | F41: -15.386234 | G41: 11 | H41: 4 | I41: 0.454545 | J41: 2 | K41: -0.508212 | L41: 100 | M41: 0 | N41: 0 | O41: 101.5601
A42: /pi/summer.thyme-umw/rosetta_discovery_space/pth2/shapedb_results/refined_conformers/lower_res1_11_shifted/23/Z4403343830/122/placement/res122_7F16_receptor_only_Z4403343830_181_8.pdb | B42: Z4403343830 | C42: decent | E42: =IFERROR(__xludf.DUMMYFUNCTION("IFERROR(REGEXEXTRACT(A42, ""res(269|122)""), ""none"")"),"122") -> 122 | F42: -16.231911 | G42: 12 | H42: 2 | I42: 0.25 | J42: 2 | K42: -0.38947 | L42: 100 | M42: 0 | N42: 0 | O42: 99.628619
A43: /pi/summer.thyme-umw/rosetta_discovery_space/pth2/shapedb_results/refined_conformers/lower_res1_11_shifted/19/Z4510084000/122/placement/res122_7F16_receptor_only_Z4510084000_121_0.pdb | B43: Z4510084000 | C43: maybe | D43: if we trust that N ring to hit waters, it's probably fine | E43: =IFERROR(__xludf.DUMMYFUNCTION("IFERROR(REGEXEXTRACT(A43, ""res(269|122)""), ""none"")"),"122") -> 122 | F43: -15.527357 | G43: 8 | H43: 3 | I43: 0.25 | J43: 2 | K43: -0.966032 | L43: 100 | M43: 0 | N43: 0 | O43: 96.756611
A44: /pi/summer.thyme-umw/rosetta_discovery_space/pth2/shapedb_results/refined_conformers/lower_res5_11_shifted/0/Z994147138/122/placement/res122_7F16_receptor_only_Z994147138_207_0.pdb | B44: Z994147138 | C44: maybe | E44: =IFERROR(__xludf.DUMMYFUNCTION("IFERROR(REGEXEXTRACT(A44, ""res(269|122)""), ""none"")"),"122") -> 122 | F44: -15.777823 | G44: 9 | H44: 4 | I44: 0.333333 | J44: 2 | K44: -1.671146 | L44: 100 | M44: 0 | N44: 0 | O44: 97.884364

Sheet res269 Ari
A1: file | B1: ligand_name | C1: Does Ari Like? | D1: Comments | E1: anchor | F1: ddg | G1: total_motifs | H1: significant_motifs | I1: real_motif_ratio | J1: hbond_motif_count | K1: hbond_motif_energy_sum | L1: closest_autodock_recovery_rmsd | M1: closest_autodock_recovery_ddg | N1: strain_energy | O1: total
A2: /pi/summer.thyme-umw/rosetta_discovery_space/pth2/shapedb_results/refined_conformers/lower_res1_11_shifted/36/PV-000366782609/269/placement/res269_7F16_receptor_only_PV-000366782609_149_11.pdb | B2: PV-000366782609 | C2: maybe | E2: =IFERROR(__xludf.DUMMYFUNCTION("IFERROR(REGEXEXTRACT(A2, ""res(269|122)""), ""none"")"),"269") -> 269 | F2: -16.620105 | G2: 12 | H2: 3 | I2: 0.416667 | J2: 2 | K2: -0.664324 | L2: 100 | M2: 0 | N2: 0 | O2: 100.13224
A3: /pi/summer.thyme-umw/rosetta_discovery_space/pth2/shapedb_results/refined_conformers/lower_res1_11_shifted/20/PV-000431210683/269/placement/res269_7F16_receptor_only_PV-000431210683_22_9.pdb | B3: PV-000431210683 | C3: maybe | D3: very similar to PV-000431376370 with different terminal ring | E3: =IFERROR(__xludf.DUMMYFUNCTION("IFERROR(REGEXEXTRACT(A3, ""res(269|122)""), ""none"")"),"269") -> 269 | F3: -16.020646 | G3: 9 | H3: 1 | I3: 0.333333 | J3: 3 | K3: -2.057194 | L3: 100 | M3: 0 | N3: 0 | O3: 95.255493
A4: /pi/summer.thyme-umw/rosetta_discovery_space/pth2/shapedb_results/refined_conformers/lower_res1_11_shifted/14/PV-000431376370/269/placement/res269_7F16_receptor_only_PV-000431376370_22_7.pdb | B4: PV-000431376370 | C4: maybe | D4: very similar to PV-000431210683 with different terminal ring | E4: =IFERROR(__xludf.DUMMYFUNCTION("IFERROR(REGEXEXTRACT(A4, ""res(269|122)""), ""none"")"),"269") -> 269 | F4: -16.416697 | G4: 9 | H4: 1 | I4: 0.333333 | J4: 3 | K4: -2.107731 | L4: 100 | M4: 0 | N4: 0 | O4: 94.808905
A5: /pi/summer.thyme-umw/rosetta_discovery_space/pth2/shapedb_results/refined_conformers/lower_res5_11_shifted/1/PV-000518115177/269/placement/res269_7F16_receptor_only_PV-000518115177_94_0.pdb | B5: PV-000518115177 | C5: decent | E5: =IFERROR(__xludf.DUMMYFUNCTION("IFERROR(REGEXEXTRACT(A5, ""res(269|122)""), ""none"")"),"269") -> 269 | F5: -15.124595 | G5: 8 | H5: 5 | I5: 0.375 | J5: 2 | K5: -0.84012 | L5: 100 | M5: 0 | N5: 0 | O5: 99.410285
A6: /pi/summer.thyme-umw/rosetta_discovery_space/pth2/shapedb_results/refined_conformers/lower_res1_11_shifted/19/PV-001297977758/269/placement/res269_7F16_receptor_only_PV-001297977758_137_5.pdb | B6: PV-001297977758 | C6: maybe | E6: =IFERROR(__xludf.DUMMYFUNCTION("IFERROR(REGEXEXTRACT(A6, ""res(269|122)""), ""none"")"),"269") -> 269 | F6: -15.247766 | G6: 6 | H6: 2 | I6: 0.333333 | J6: 3 | K6: -1.003179 | L6: 100 | M6: 0 | N6: 0 | O6: 95.082388
A7: /pi/summer.thyme-umw/rosetta_discovery_space/pth2/shapedb_results/refined_conformers/lower_res1_11_shifted/26/PV-001577237854/269/placement/res269_7F16_receptor_only_PV-001577237854_122_9.pdb | B7: PV-001577237854 | C7: maybe | E7: =IFERROR(__xludf.DUMMYFUNCTION("IFERROR(REGEXEXTRACT(A7, ""res(269|122)""), ""none"")"),"269") -> 269 | F7: -15.234041 | G7: 8 | H7: 3 | I7: 0.25 | J7: 3 | K7: -0.552818 | L7: 100 | M7: 0 | N7: 0 | O7: 98.463141
A8: /pi/summer.thyme-umw/rosetta_discovery_space/pth2/shapedb_results/refined_conformers/lower_res5_11_shifted/1/PV-001699308763/269/placement/res269_7F16_receptor_only_PV-001699308763_175_2.pdb | B8: PV-001699308763 | C8: decent | E8: =IFERROR(__xludf.DUMMYFUNCTION("IFERROR(REGEXEXTRACT(A8, ""res(269|122)""), ""none"")"),"269") -> 269 | F8: -15.196061 | G8: 7 | H8: 2 | I8: 0.285714 | J8: 2 | K8: -1.471521 | L8: 100 | M8: 0 | N8: 0 | O8: 94.618132
A9: /pi/summer.thyme-umw/rosetta_discovery_space/pth2/shapedb_results/refined_conformers/lower_res1_11_shifted/24/PV-002679704048/269/placement/res269_7F16_receptor_only_PV-002679704048_67_2.pdb | B9: PV-002679704048 | C9: maybe | E9: =IFERROR(__xludf.DUMMYFUNCTION("IFERROR(REGEXEXTRACT(A9, ""res(269|122)""), ""none"")"),"269") -> 269 | F9: -15.475748 | G9: 11 | H9: 1 | I9: 0.272727 | J9: 2 | K9: -0.318571 | L9: 100 | M9: 0 | N9: 0 | O9: 98.478408
A10: /pi/summer.thyme-umw/rosetta_discovery_space/pth2/shapedb_results/refined_conformers/lower_res1_11_shifted/20/PV-004219895018/269/placement/res269_7F16_receptor_only_PV-004219895018_173_2.pdb | B10: PV-004219895018 | C10: maybe | E10: =IFERROR(__xludf.DUMMYFUNCTION("IFERROR(REGEXEXTRACT(A10, ""res(269|122)""), ""none"")"),"269") -> 269 | F10: -15.217109 | G10: 8 | H10: 2 | I10: 0.25 | J10: 3 | K10: -1.096035 | L10: 100 | M10: 0 | N10: 0 | O10: 96.936856
A11: /pi/summer.thyme-umw/rosetta_discovery_space/pth2/shapedb_results/refined_conformers/lower_res1_11_shifted/28/PV-004359981113/269/placement/res269_7F16_receptor_only_PV-004359981113_214_0.pdb | B11: PV-004359981113 | C11: maybe | D11: same pose as PV-004359981114, enantiomer | E11: =IFERROR(__xludf.DUMMYFUNCTION("IFERROR(REGEXEXTRACT(A11, ""res(269|122)""), ""none"")"),"269") -> 269 | F11: -16.067978 | G11: 10 | H11: 3 | I11: 0.4 | J11: 4 | K11: -1.686262 | L11: 100 | M11: 0 | N11: 0 | O11: 99.64576
A12: /pi/summer.thyme-umw/rosetta_discovery_space/pth2/shapedb_results/refined_conformers/lower_res1_11_shifted/28/PV-004359981114/269/placement/res269_7F16_receptor_only_PV-004359981114_214_0.pdb | B12: PV-004359981114 | C12: maybe | D12: same pose as PV-004359981113, enantiomer | E12: =IFERROR(__xludf.DUMMYFUNCTION("IFERROR(REGEXEXTRACT(A12, ""res(269|122)""), ""none"")"),"269") -> 269 | F12: -16.067978 | G12: 10 | H12: 3 | I12: 0.4 | J12: 4 | K12: -1.686262 | L12: 100 | M12: 0 | N12: 0 | O12: 99.64576
A13: /pi/summer.thyme-umw/rosetta_discovery_space/pth2/shapedb_results/refined_conformers/lower_res5_11_shifted/5/PV-004375868397/269/placement/res269_7F16_receptor_only_PV-004375868397_169_0.pdb | B13: PV-004375868397 | C13: maybe | E13: =IFERROR(__xludf.DUMMYFUNCTION("IFERROR(REGEXEXTRACT(A13, ""res(269|122)""), ""none"")"),"269") -> 269 | F13: -15.296307 | G13: 7 | H13: 3 | I13: 0.285714 | J13: 2 | K13: -1.992376 | L13: 100 | M13: 0 | N13: 0 | O13: 94.997031
A14: /pi/summer.thyme-umw/rosetta_discovery_space/pth2/shapedb_results/refined_conformers/lower_res1_11_shifted/19/PV-004453173376/269/placement/res269_7F16_receptor_only_PV-004453173376_75_18.pdb | B14: PV-004453173376 | C14: maybe | E14: =IFERROR(__xludf.DUMMYFUNCTION("IFERROR(REGEXEXTRACT(A14, ""res(269|122)""), ""none"")"),"269") -> 269 | F14: -15.325992 | G14: 8 | H14: 2 | I14: 0.25 | J14: 2 | K14: -0.597145 | L14: 100 | M14: 0 | N14: 0 | O14: 96.326863
A15: /pi/summer.thyme-umw/rosetta_discovery_space/pth2/shapedb_results/refined_conformers/lower_res1_11_shifted/24/PV-004563691650/269/placement/res269_7F16_receptor_only_PV-004563691650_194_8.pdb | B15: PV-004563691650 | C15: decent | E15: =IFERROR(__xludf.DUMMYFUNCTION("IFERROR(REGEXEXTRACT(A15, ""res(269|122)""), ""none"")"),"269") -> 269 | F15: -15.778424 | G15: 10 | H15: 4 | I15: 0.3 | J15: 2 | K15: -0.444144 | L15: 100 | M15: 0 | N15: 0 | O15: 100.07743
A16: /pi/summer.thyme-umw/rosetta_discovery_space/pth2/shapedb_results/refined_conformers/lower_res1_11_shifted/37/PV-004702335537/269/placement/res269_7F16_receptor_only_PV-004702335537_21_10.pdb | B16: PV-004702335537 | C16: maybe | E16: =IFERROR(__xludf.DUMMYFUNCTION("IFERROR(REGEXEXTRACT(A16, ""res(269|122)""), ""none"")"),"269") -> 269 | F16: -16.377062 | G16: 9 | H16: 1 | I16: 0.333333 | J16: 2 | K16: -1.84415 | L16: 100 | M16: 0 | N16: 0 | O16: 94.112121
A17: /pi/summer.thyme-umw/rosetta_discovery_space/pth2/shapedb_results/refined_conformers/lower_res1_11_shifted/21/PV-004826583086/269/placement/res269_7F16_receptor_only_PV-004826583086_90_2.pdb | B17: PV-004826583086 | C17: maybe | E17: =IFERROR(__xludf.DUMMYFUNCTION("IFERROR(REGEXEXTRACT(A17, ""res(269|122)""), ""none"")"),"269") -> 269 | F17: -15.737774 | G17: 8 | H17: 4 | I17: 0.375 | J17: 2 | K17: -0.922352 | L17: 100 | M17: 0 | N17: 0 | O17: 97.714874
A18: /pi/summer.thyme-umw/rosetta_discovery_space/pth2/shapedb_results/refined_conformers/lower_res1_11_shifted/34/PV-004860315998/269/placement/res269_7F16_receptor_only_PV-004860315998_45_2.pdb | B18: PV-004860315998 | C18: decent | E18: =IFERROR(__xludf.DUMMYFUNCTION("IFERROR(REGEXEXTRACT(A18, ""res(269|122)""), ""none"")"),"269") -> 269 | F18: -16.004339 | G18: 7 | H18: 1 | I18: 0.285714 | J18: 2 | K18: -0.643672 | L18: 100 | M18: 0 | N18: 0 | O18: 93.637703
A19: /pi/summer.thyme-umw/rosetta_discovery_space/pth2/shapedb_results/refined_conformers/lower_res1_11_shifted/16/PV-004960793237/269/placement/res269_7F16_receptor_only_PV-004960793237_98_6.pdb | B19: PV-004960793237 | C19: maybe | D19: placement seems ok, but do we want the bridged ring? | E19: =IFERROR(__xludf.DUMMYFUNCTION("IFERROR(REGEXEXTRACT(A19, ""res(269|122)""), ""none"")"),"269") -> 269 | F19: -15.399039 | G19: 6 | H19: 3 | I19: 0.333333 | J19: 2 | K19: -0.254448 | L19: 100 | M19: 0 | N19: 0 | O19: 95.679846
A20: /pi/summer.thyme-umw/rosetta_discovery_space/pth2/shapedb_results/refined_conformers/lower_res1_11_shifted/37/PV-004961619894/269/placement/res269_7F16_receptor_only_PV-004961619894_53_10.pdb | B20: PV-004961619894 | C20: maybe | E20: =IFERROR(__xludf.DUMMYFUNCTION("IFERROR(REGEXEXTRACT(A20, ""res(269|122)""), ""none"")"),"269") -> 269 | F20: -15.848908 | G20: 8 | H20: 3 | I20: 0.375 | J20: 2 | K20: -0.923644 | L20: 100 | M20: 0 | N20: 0 | O20: 96.602448
A21: /pi/summer.thyme-umw/rosetta_discovery_space/pth2/shapedb_results/refined_conformers/lower_res1_11_shifted/21/PV-005175010208/269/placement/res269_7F16_receptor_only_PV-005175010208_60_0.pdb | B21: PV-005175010208 | C21: decent | D21: N on 6 member ring could twist to hit TYR122 and be much better | E21: =IFERROR(__xludf.DUMMYFUNCTION("IFERROR(REGEXEXTRACT(A21, ""res(269|122)""), ""none"")"),"269") -> 269 | F21: -15.111049 | G21: 8 | H21: 4 | I21: 0.5 | J21: 3 | K21: -1.488021 | L21: 100 | M21: 0 | N21: 0 | O21: 98.90093
A22: /pi/summer.thyme-umw/rosetta_discovery_space/pth2/shapedb_results/refined_conformers/lower_res5_11_shifted/7/PV-005299302519/269/placement/res269_7F16_receptor_only_PV-005299302519_62_4.pdb | B22: PV-005299302519 | C22: maybe | E22: =IFERROR(__xludf.DUMMYFUNCTION("IFERROR(REGEXEXTRACT(A22, ""res(269|122)""), ""none"")"),"269") -> 269 | F22: -15.62437 | G22: 8 | H22: 3 | I22: 0.25 | J22: 2 | K22: -0.578782 | L22: 100 | M22: 0 | N22: 0 | O22: 97.046848
A23: /pi/summer.thyme-umw/rosetta_discovery_space/pth2/shapedb_results/refined_conformers/lower_res1_11_shifted/16/PV-005376893059/269/placement/res269_7F16_receptor_only_PV-005376893059_118_4.pdb | B23: PV-005376893059 | C23: maybe | E23: =IFERROR(__xludf.DUMMYFUNCTION("IFERROR(REGEXEXTRACT(A23, ""res(269|122)""), ""none"")"),"269") -> 269 | F23: -16.657537 | G23: 10 | H23: 3 | I23: 0.3 | J23: 2 | K23: -1.135125 | L23: 100 | M23: 0 | N23: 0 | O23: 97.507338
A24: /pi/summer.thyme-umw/rosetta_discovery_space/pth2/shapedb_results/refined_conformers/lower_res5_11_shifted/6/PV-005379501786/269/placement/res269_7F16_receptor_only_PV-005379501786_150_2.pdb | B24: PV-005379501786 | C24: maybe | E24: =IFERROR(__xludf.DUMMYFUNCTION("IFERROR(REGEXEXTRACT(A24, ""res(269|122)""), ""none"")"),"269") -> 269 | F24: -15.0051 | G24: 8 | H24: 1 | I24: 0.25 | J24: 3 | K24: -2.024033 | L24: 100 | M24: 0 | N24: 0 | O24: 95.220867
A25: /pi/summer.thyme-umw/rosetta_discovery_space/pth2/shapedb_results/refined_conformers/lower_res5_11_shifted/0/PV-005397290947/269/placement/res269_7F16_receptor_only_PV-005397290947_10_1.pdb | B25: PV-005397290947 | C25: yes | D25: it sits high, but I like all of its interactions | E25: =IFERROR(__xludf.DUMMYFUNCTION("IFERROR(REGEXEXTRACT(A25, ""res(269|122)""), ""none"")"),"269") -> 269 | F25: -15.787491 | G25: 6 | H25: 2 | I25: 0.333333 | J25: 3 | K25: -1.153959 | L25: 100 | M25: 0 | N25: 0 | O25: 94.391883
A26: /pi/summer.thyme-umw/rosetta_discovery_space/pth2/shapedb_results/refined_conformers/lower_res5_11_shifted/6/PV-005409743762/269/placement/res269_7F16_receptor_only_PV-005409743762_202_0.pdb | B26: PV-005409743762 | C26: decent | E26: =IFERROR(__xludf.DUMMYFUNCTION("IFERROR(REGEXEXTRACT(A26, ""res(269|122)""), ""none"")"),"269") -> 269 | F26: -16.526444 | G26: 7 | H26: 3 | I26: 0.428571 | J26: 3 | K26: -1.370961 | L26: 100 | M26: 0 | N26: 0 | O26: 95.531166
A27: /pi/summer.thyme-umw/rosetta_discovery_space/pth2/shapedb_results/refined_conformers/lower_res1_11_shifted/20/PV-005460257111/269/placement/res269_7F16_receptor_only_PV-005460257111_135_1.pdb | B27: PV-005460257111 | C27: yes | D27: lots of good interactions and extends across the pocket, even if there are a lot of interactions not considered real; enantiomer with PV-005460257111 | E27: =IFERROR(__xludf.DUMMYFUNCTION("IFERROR(REGEXEXTRACT(A27, ""res(269|122)""), ""none"")"),"269") -> 269 | F27: -15.442965 | G27: 7 | H27: 3 | I27: 0.285714 | J27: 2 | K27: -0.995888 | L27: 100 | M27: 0 | N27: 0 | O27: 95.846861
A28: /pi/summer.thyme-umw/rosetta_discovery_space/pth2/shapedb_results/refined_conformers/lower_res1_11_shifted/20/PV-005460257113/269/placement/res269_7F16_receptor_only_PV-005460257113_135_1.pdb | B28: PV-005460257113 | C28: yes | D28: lots of good interactions and extends across the pocket, even if there are a lot of interactions not considered real; enantiomer with PV-005460257113 | E28: =IFERROR(__xludf.DUMMYFUNCTION("IFERROR(REGEXEXTRACT(A28, ""res(269|122)""), ""none"")"),"269") -> 269 | F28: -15.442965 | G28: 7 | H28: 3 | I28: 0.285714 | J28: 2 | K28: -0.995888 | L28: 100 | M28: 0 | N28: 0 | O28: 95.846861
A29: /pi/summer.thyme-umw/rosetta_discovery_space/pth2/shapedb_results/refined_conformers/lower_res1_11_shifted/12/PV-005461322877/269/placement/res269_7F16_receptor_only_PV-005461322877_164_2.pdb | B29: PV-005461322877 | C29: maybe | D29: I think this could hit TYR269 better | E29: =IFERROR(__xludf.DUMMYFUNCTION("IFERROR(REGEXEXTRACT(A29, ""res(269|122)""), ""none"")"),"269") -> 269 | F29: -16.187871 | G29: 8 | H29: 2 | I29: 0.25 | J29: 2 | K29: -1.664296 | L29: 100 | M29: 0 | N29: 0 | O29: 94.397833
A30: /pi/summer.thyme-umw/rosetta_discovery_space/pth2/shapedb_results/refined_conformers/lower_res1_11_shifted/38/PV-005469944476/269/placement/res269_7F16_receptor_only_PV-005469944476_215_6.pdb | B30: PV-005469944476 | C30: maybe | E30: =IFERROR(__xludf.DUMMYFUNCTION("IFERROR(REGEXEXTRACT(A30, ""res(269|122)""), ""none"")"),"269") -> 269 | F30: -15.122502 | G30: 9 | H30: 1 | I30: 0.333333 | J30: 2 | K30: -1.2518 | L30: 100 | M30: 0 | N30: 0 | O30: 95.959031
A31: /pi/summer.thyme-umw/rosetta_discovery_space/pth2/shapedb_results/refined_conformers/lower_res1_11_shifted/13/PV-005628811316/269/placement/res269_7F16_receptor_only_PV-005628811316_82_5.pdb | B31: PV-005628811316 | C31: maybe | E31: =IFERROR(__xludf.DUMMYFUNCTION("IFERROR(REGEXEXTRACT(A31, ""res(269|122)""), ""none"")"),"269") -> 269 | F31: -16.909101 | G31: 8 | H31: 3 | I31: 0.5 | J31: 2 | K31: -1.107364 | L31: 100 | M31: 0 | N31: 0 | O31: 95.483535
A32: /pi/summer.thyme-umw/rosetta_discovery_space/pth2/shapedb_results/refined_conformers/lower_res1_11_shifted/18/PV-005762936890/269/placement/res269_7F16_receptor_only_PV-005762936890_203_15.pdb | B32: PV-005762936890 | C32: maybe | E32: =IFERROR(__xludf.DUMMYFUNCTION("IFERROR(REGEXEXTRACT(A32, ""res(269|122)""), ""none"")"),"269") -> 269 | F32: -15.785852 | G32: 7 | H32: 5 | I32: 0.285714 | J32: 2 | K32: -0.799354 | L32: 100 | M32: 0 | N32: 0 | O32: 97.700508
A33: /pi/summer.thyme-umw/rosetta_discovery_space/pth2/shapedb_results/refined_conformers/lower_res5_11_shifted/7/PV-005771589697/269/placement/res269_7F16_receptor_only_PV-005771589697_43_4.pdb | B33: PV-005771589697 | C33: decent | D33: could hit glu398 better | E33: =IFERROR(__xludf.DUMMYFUNCTION("IFERROR(REGEXEXTRACT(A33, ""res(269|122)""), ""none"")"),"269") -> 269 | F33: -15.155078 | G33: 8 | H33: 2 | I33: 0.25 | J33: 2 | K33: -0.394031 | L33: 100 | M33: 0 | N33: 0 | O33: 96.700891
A34: /pi/summer.thyme-umw/rosetta_discovery_space/pth2/shapedb_results/refined_conformers/lower_res1_11_shifted/33/PV-005792794357/269/placement/res269_7F16_receptor_only_PV-005792794357_162_6.pdb | B34: PV-005792794357 | C34: yes | E34: =IFERROR(__xludf.DUMMYFUNCTION("IFERROR(REGEXEXTRACT(A34, ""res(269|122)""), ""none"")"),"269") -> 269 | F34: -15.473368 | G34: 8 | H34: 2 | I34: 0.375 | J34: 2 | K34: -0.972362 | L34: 100 | M34: 0 | N34: 0 | O34: 95.92927
A35: /pi/summer.thyme-umw/rosetta_discovery_space/pth2/shapedb_results/refined_conformers/lower_res5_11_shifted/3/PV-005904922341/269/placement/res269_7F16_receptor_only_PV-005904922341_54_3.pdb | B35: PV-005904922341 | C35: yes | D35: I think tyr202 could hbond with the hydroxyl | E35: =IFERROR(__xludf.DUMMYFUNCTION("IFERROR(REGEXEXTRACT(A35, ""res(269|122)""), ""none"")"),"269") -> 269 | F35: -15.32929 | G35: 9 | H35: 2 | I35: 0.444444 | J35: 3 | K35: -1.169854 | L35: 100 | M35: 0 | N35: 0 | O35: 97.9453
A36: /pi/summer.thyme-umw/rosetta_discovery_space/pth2/shapedb_results/refined_conformers/lower_res1_11_shifted/39/PV-005941960676/269/placement/res269_7F16_receptor_only_PV-005941960676_114_0.pdb | B36: PV-005941960676 | C36: maybe | E36: =IFERROR(__xludf.DUMMYFUNCTION("IFERROR(REGEXEXTRACT(A36, ""res(269|122)""), ""none"")"),"269") -> 269 | F36: -17.46746 | G36: 9 | H36: 2 | I36: 0.333333 | J36: 2 | K36: -0.960204 | L36: 100 | M36: 0 | N36: 0 | O36: 94.905669
A37: /pi/summer.thyme-umw/rosetta_discovery_space/pth2/shapedb_results/refined_conformers/lower_res1_11_shifted/0/PV-005946081927/269/placement/res269_7F16_receptor_only_PV-005946081927_44_6.pdb | B37: PV-005946081927 | C37: maybe | E37: =IFERROR(__xludf.DUMMYFUNCTION("IFERROR(REGEXEXTRACT(A37, ""res(269|122)""), ""none"")"),"269") -> 269 | F37: -15.769609 | G37: 8 | H37: 2 | I37: 0.25 | J37: 2 | K37: -1.998276 | L37: 100 | M37: 0 | N37: 0 | O37: 94.482115
A38: /pi/summer.thyme-umw/rosetta_discovery_space/pth2/shapedb_results/refined_conformers/lower_res5_11_shifted/3/PV-005999281346/269/placement/res269_7F16_receptor_only_PV-005999281346_166_3.pdb | B38: PV-005999281346 | C38: maybe | E38: =IFERROR(__xludf.DUMMYFUNCTION("IFERROR(REGEXEXTRACT(A38, ""res(269|122)""), ""none"")"),"269") -> 269 | F38: -16.531836 | G38: 10 | H38: 2 | I38: 0.3 | J38: 2 | K38: -0.888794 | L38: 100 | M38: 0 | N38: 0 | O38: 96.87937
A39: /pi/summer.thyme-umw/rosetta_discovery_space/pth2/shapedb_results/refined_conformers/lower_res1_11_shifted/11/PV-006059242376/269/placement/res269_7F16_receptor_only_PV-006059242376_180_2.pdb | B39: PV-006059242376 | C39: maybe | E39: =IFERROR(__xludf.DUMMYFUNCTION("IFERROR(REGEXEXTRACT(A39, ""res(269|122)""), ""none"")"),"269") -> 269 | F39: -15.695983 | G39: 8 | H39: 3 | I39: 0.375 | J39: 2 | K39: -0.764023 | L39: 100 | M39: 0 | N39: 0 | O39: 96.914994
A40: /pi/summer.thyme-umw/rosetta_discovery_space/pth2/shapedb_results/refined_conformers/lower_res1_11_shifted/39/PV-006074144815/269/placement/res269_7F16_receptor_only_PV-006074144815_132_2.pdb | B40: PV-006074144815 | C40: yes | E40: =IFERROR(__xludf.DUMMYFUNCTION("IFERROR(REGEXEXTRACT(A40, ""res(269|122)""), ""none"")"),"269") -> 269 | F40: -16.574584 | G40: 6 | H40: 1 | I40: 0.333333 | J40: 2 | K40: -0.53138 | L40: 100 | M40: 0 | N40: 0 | O40: 92.227369
A41: /pi/summer.thyme-umw/rosetta_discovery_space/pth2/shapedb_results/refined_conformers/lower_res1_11_shifted/14/PV-006143645773/269/placement/res269_7F16_receptor_only_PV-006143645773_78_1.pdb | B41: PV-006143645773 | C41: yes | D41: same pose as PV-006143645775 and PV-006143645776, enantiomer | E41: =IFERROR(__xludf.DUMMYFUNCTION("IFERROR(REGEXEXTRACT(A41, ""res(269|122)""), ""none"")"),"269") -> 269 | F41: -16.381515 | G41: 6 | H41: 3 | I41: 0.5 | J41: 2 | K41: -0.391176 | L41: 100 | M41: 0 | N41: 0 | O41: 94.727309
A42: /pi/summer.thyme-umw/rosetta_discovery_space/pth2/shapedb_results/refined_conformers/lower_res1_11_shifted/14/PV-006143645775/269/placement/res269_7F16_receptor_only_PV-006143645775_78_1.pdb | B42: PV-006143645775 | C42: yes | D42: same pose as PV-006143645773 and PV-006143645776, enantiomer | E42: =IFERROR(__xludf.DUMMYFUNCTION("IFERROR(REGEXEXTRACT(A42, ""res(269|122)""), ""none"")"),"269") -> 269 | F42: -16.381515 | G42: 6 | H42: 3 | I42: 0.5 | J42: 2 | K42: -0.391176 | L42: 100 | M42: 0 | N42: 0 | O42: 94.727309
A43: /pi/summer.thyme-umw/rosetta_discovery_space/pth2/shapedb_results/refined_conformers/lower_res1_11_shifted/14/PV-006143645776/269/placement/res269_7F16_receptor_only_PV-006143645776_78_1.pdb | B43: PV-006143645776 | C43: yes | D43: same pose as PV-006143645775 and PV-006143645773, enantiomer | E43: =IFERROR(__xludf.DUMMYFUNCTION("IFERROR(REGEXEXTRACT(A43, ""res(269|122)""), ""none"")"),"269") -> 269 | F43: -16.381515 | G43: 6 | H43: 3 | I43: 0.5 | J43: 2 | K43: -0.391176 | L43: 100 | M43: 0 | N43: 0 | O43: 94.727309
A44: /pi/summer.thyme-umw/rosetta_discovery_space/pth2/shapedb_results/refined_conformers/lower_res1_11_shifted/17/PV-006186949995/269/placement/res269_7F16_receptor_only_PV-006186949995_106_0.pdb | B44: PV-006186949995 | C44: maybe | E44: =IFERROR(__xludf.DUMMYFUNCTION("IFERROR(REGEXEXTRACT(A44, ""res(269|122)""), ""none"")"),"269") -> 269 | F44: -16.758312 | G44: 7 | H44: 4 | I44: 0.428571 | J44: 2 | K44: -1.542056 | L44: 100 | M44: 0 | N44: 0 | O44: 95.128203
A45: /pi/summer.thyme-umw/rosetta_discovery_space/pth2/shapedb_results/refined_conformers/lower_res1_11_shifted/34/PV-006252057578/269/placement/res269_7F16_receptor_only_PV-006252057578_235_16.pdb | B45: PV-006252057578 | C45: maybe | E45: =IFERROR(__xludf.DUMMYFUNCTION("IFERROR(REGEXEXTRACT(A45, ""res(269|122)""), ""none"")"),"269") -> 269 | F45: -16.196607 | G45: 8 | H45: 5 | I45: 0.625 | J45: 3 | K45: -1.082057 | L45: 100 | M45: 0 | N45: 0 | O45: 99.346336
A46: /pi/summer.thyme-umw/rosetta_discovery_space/pth2/shapedb_results/refined_conformers/lower_res5_11_shifted/0/PV-006275168072/269/placement/res269_7F16_receptor_only_PV-006275168072_126_0.pdb | B46: PV-006275168072 | C46: maybe | E46: =IFERROR(__xludf.DUMMYFUNCTION("IFERROR(REGEXEXTRACT(A46, ""res(269|122)""), ""none"")"),"269") -> 269 | F46: -15.182474 | G46: 7 | H46: 2 | I46: 0.285714 | J46: 2 | K46: -0.62157 | L46: 100 | M46: 0 | N46: 0 | O46: 95.48167
A47: /pi/summer.thyme-umw/rosetta_discovery_space/pth2/shapedb_results/refined_conformers/lower_res1_11_shifted/23/PV-006279077450/269/placement/res269_7F16_receptor_only_PV-006279077450_73_15.pdb | B47: PV-006279077450 | C47: maybe | E47: =IFERROR(__xludf.DUMMYFUNCTION("IFERROR(REGEXEXTRACT(A47, ""res(269|122)""), ""none"")"),"269") -> 269 | F47: -17.250811 | G47: 11 | H47: 5 | I47: 0.272727 | J47: 2 | K47: -0.713731 | L47: 100 | M47: 0 | N47: 0 | O47: 100.30818
A48: /pi/summer.thyme-umw/rosetta_discovery_space/pth2/shapedb_results/refined_conformers/lower_res1_11_shifted/27/PV-006328895684/269/placement/res269_7F16_receptor_only_PV-006328895684_180_8.pdb | B48: PV-006328895684 | C48: maybe | E48: =IFERROR(__xludf.DUMMYFUNCTION("IFERROR(REGEXEXTRACT(A48, ""res(269|122)""), ""none"")"),"269") -> 269 | F48: -15.813539 | G48: 8 | H48: 4 | I48: 0.375 | J48: 2 | K48: -0.75356 | L48: 100 | M48: 0 | N48: 0 | O48: 97.807901
A49: /pi/summer.thyme-umw/rosetta_discovery_space/pth2/shapedb_results/refined_conformers/lower_res1_11_shifted/38/PV-006336543198/269/placement/res269_7F16_receptor_only_PV-006336543198_32_3.pdb | B49: PV-006336543198 | C49: maybe | E49: =IFERROR(__xludf.DUMMYFUNCTION("IFERROR(REGEXEXTRACT(A49, ""res(269|122)""), ""none"")"),"269") -> 269 | F49: -17.483332 | G49: 7 | H49: 2 | I49: 0.428571 | J49: 2 | K49: -0.934603 | L49: 100 | M49: 0 | N49: 0 | O49: 93.010636
A50: /pi/summer.thyme-umw/rosetta_discovery_space/pth2/shapedb_results/refined_conformers/lower_res1_11_shifted/26/PV-006446974219/269/placement/res269_7F16_receptor_only_PV-006446974219_136_10.pdb | B50: PV-006446974219 | C50: maybe | E50: =IFERROR(__xludf.DUMMYFUNCTION("IFERROR(REGEXEXTRACT(A50, ""res(269|122)""), ""none"")"),"269") -> 269 | F50: -15.044133 | G50: 7 | H50: 3 | I50: 0.285714 | J50: 2 | K50: -0.869404 | L50: 100 | M50: 0 | N50: 0 | O50: 96.372177
A51: /pi/summer.thyme-umw/rosetta_discovery_space/pth2/shapedb_results/refined_conformers/lower_res5_11_shifted/6/PV-006460901879/269/placement/res269_7F16_receptor_only_PV-006460901879_4_1.pdb | B51: PV-006460901879 | C51: maybe | E51: =IFERROR(__xludf.DUMMYFUNCTION("IFERROR(REGEXEXTRACT(A51, ""res(269|122)""), ""none"")"),"269") -> 269 | F51: -16.338997 | G51: 6 | H51: 1 | I51: 0.333333 | J51: 2 | K51: -1.569369 | L51: 100 | M51: 0 | N51: 0 | O51: 91.424967
A52: /pi/summer.thyme-umw/rosetta_discovery_space/pth2/shapedb_results/refined_conformers/lower_res1_11_shifted/24/PV-006531537045/269/placement/res269_7F16_receptor_only_PV-006531537045_114_1.pdb | B52: PV-006531537045 | C52: maybe | E52: =IFERROR(__xludf.DUMMYFUNCTION("IFERROR(REGEXEXTRACT(A52, ""res(269|122)""), ""none"")"),"269") -> 269 | F52: -15.874894 | G52: 8 | H52: 2 | I52: 0.25 | J52: 2 | K52: -1.527443 | L52: 100 | M52: 0 | N52: 0 | O52: 94.847663
A53: /pi/summer.thyme-umw/rosetta_discovery_space/pth2/shapedb_results/refined_conformers/lower_res1_11_shifted/29/PV-006596664813/269/placement/res269_7F16_receptor_only_PV-006596664813_71_2.pdb | B53: PV-006596664813 | C53: maybe | E53: =IFERROR(__xludf.DUMMYFUNCTION("IFERROR(REGEXEXTRACT(A53, ""res(269|122)""), ""none"")"),"269") -> 269 | F53: -15.19198 | G53: 8 | H53: 3 | I53: 0.375 | J53: 2 | K53: -1.182302 | L53: 100 | M53: 0 | N53: 0 | O53: 97.000718
A54: /pi/summer.thyme-umw/rosetta_discovery_space/pth2/shapedb_results/refined_conformers/lower_res1_11_shifted/17/PV-006598988224/269/placement/res269_7F16_receptor_only_PV-006598988224_102_4.pdb | B54: PV-006598988224 | C54: maybe | E54: =IFERROR(__xludf.DUMMYFUNCTION("IFERROR(REGEXEXTRACT(A54, ""res(269|122)""), ""none"")"),"269") -> 269 | F54: -15.653385 | G54: 8 | H54: 3 | I54: 0.25 | J54: 2 | K54: -0.166637 | L54: 100 | M54: 0 | N54: 0 | O54: 97.429978
A55: /pi/summer.thyme-umw/rosetta_discovery_space/pth2/shapedb_results/refined_conformers/lower_res1_11_shifted/14/PV-006604268399/269/placement/res269_7F16_receptor_only_PV-006604268399_13_1.pdb | B55: PV-006604268399 | C55: maybe | E55: =IFERROR(__xludf.DUMMYFUNCTION("IFERROR(REGEXEXTRACT(A55, ""res(269|122)""), ""none"")"),"269") -> 269 | F55: -15.468589 | G55: 8 | H55: 3 | I55: 0.375 | J55: 2 | K55: -0.987794 | L55: 100 | M55: 0 | N55: 0 | O55: 96.918617
A56: /pi/summer.thyme-umw/rosetta_discovery_space/pth2/shapedb_results/refined_conformers/lower_res1_11_shifted/30/PV-006645946899/269/placement/res269_7F16_receptor_only_PV-006645946899_27_1.pdb | B56: PV-006645946899 | C56: maybe | E56: =IFERROR(__xludf.DUMMYFUNCTION("IFERROR(REGEXEXTRACT(A56, ""res(269|122)""), ""none"")"),"269") -> 269 | F56: -16.533467 | G56: 8 | H56: 5 | I56: 0.25 | J56: 2 | K56: -1.486018 | L56: 100 | M56: 0 | N56: 0 | O56: 97.230515
A57: /pi/summer.thyme-umw/rosetta_discovery_space/pth2/shapedb_results/refined_conformers/lower_res5_11_shifted/5/PV-006694441016/269/placement/res269_7F16_receptor_only_PV-006694441016_243_2.pdb | B57: PV-006694441016 | C57: maybe | E57: =IFERROR(__xludf.DUMMYFUNCTION("IFERROR(REGEXEXTRACT(A57, ""res(269|122)""), ""none"")"),"269") -> 269 | F57: -16.383014 | G57: 11 | H57: 5 | I57: 0.545455 | J57: 2 | K57: -1.431922 | L57: 100 | M57: 0 | N57: 0 | O57: 100.73052
A58: /pi/summer.thyme-umw/rosetta_discovery_space/pth2/shapedb_results/refined_conformers/lower_res1_11_shifted/23/PV-006706606184/269/placement/res269_7F16_receptor_only_PV-006706606184_97_3.pdb | B58: PV-006706606184 | C58: maybe | E58: =IFERROR(__xludf.DUMMYFUNCTION("IFERROR(REGEXEXTRACT(A58, ""res(269|122)""), ""none"")"),"269") -> 269 | F58: -15.915515 | G58: 8 | H58: 4 | I58: 0.375 | J58: 2 | K58: -0.684045 | L58: 100 | M58: 0 | N58: 0 | O58: 97.77544
A59: /pi/summer.thyme-umw/rosetta_discovery_space/pth2/shapedb_results/refined_conformers/lower_res1_11_shifted/16/PV-006712468448/269/placement/res269_7F16_receptor_only_PV-006712468448_190_0.pdb | B59: PV-006712468448 | C59: maybe | D59: same pose as PV-006712468449, enantiomer | E59: =IFERROR(__xludf.DUMMYFUNCTION("IFERROR(REGEXEXTRACT(A59, ""res(269|122)""), ""none"")"),"269") -> 269 | F59: -15.759066 | G59: 7 | H59: 2 | I59: 0.571429 | J59: 2 | K59: -0.931789 | L59: 100 | M59: 0 | N59: 0 | O59: 94.880574
A60: /pi/summer.thyme-umw/rosetta_discovery_space/pth2/shapedb_results/refined_conformers/lower_res1_11_shifted/16/PV-006712468449/269/placement/res269_7F16_receptor_only_PV-006712468449_190_0.pdb | B60: PV-006712468449 | C60: maybe | D60: same pose as PV-006712468448, enantiomer | E60: =IFERROR(__xludf.DUMMYFUNCTION("IFERROR(REGEXEXTRACT(A60, ""res(269|122)""), ""none"")"),"269") -> 269 | F60: -15.759066 | G60: 7 | H60: 2 | I60: 0.571429 | J60: 2 | K60: -0.931789 | L60: 100 | M60: 0 | N60: 0 | O60: 94.880574
A61: /pi/summer.thyme-umw/rosetta_discovery_space/pth2/shapedb_results/refined_conformers/lower_res1_11_shifted/20/Z1134920381/269/placement/res269_7F16_receptor_only_Z1134920381_127_4.pdb | B61: Z1134920381 | C61: maybe | E61: =IFERROR(__xludf.DUMMYFUNCTION("IFERROR(REGEXEXTRACT(A61, ""res(269|122)""), ""none"")"),"269") -> 269 | F61: -15.088626 | G61: 12 | H61: 3 | I61: 0.416667 | J61: 2 | K61: -0.765151 | L61: 100 | M61: 0 | N61: 0 | O61: 101.56289
A62: /pi/summer.thyme-umw/rosetta_discovery_space/pth2/shapedb_results/refined_conformers/lower_res5_11_shifted/6/Z1158277734/269/placement/res269_7F16_receptor_only_Z1158277734_64_18.pdb | B62: Z1158277734 | C62: maybe | E62: =IFERROR(__xludf.DUMMYFUNCTION("IFERROR(REGEXEXTRACT(A62, ""res(269|122)""), ""none"")"),"269") -> 269 | F62: -16.551482 | G62: 8 | H62: 3 | I62: 0.25 | J62: 2 | K62: -0.695112 | L62: 100 | M62: 0 | N62: 0 | O62: 96.003406
A63: /pi/summer.thyme-umw/rosetta_discovery_space/pth2/shapedb_results/refined_conformers/lower_res1_11_shifted/11/Z1159218881/269/placement/res269_7F16_receptor_only_Z1159218881_192_3.pdb | B63: Z1159218881 | C63: decent | E63: =IFERROR(__xludf.DUMMYFUNCTION("IFERROR(REGEXEXTRACT(A63, ""res(269|122)""), ""none"")"),"269") -> 269 | F63: -16.947939 | G63: 7 | H63: 1 | I63: 0.285714 | J63: 2 | K63: -1.26662 | L63: 100 | M63: 0 | N63: 0 | O63: 92.071155
A64: /pi/summer.thyme-umw/rosetta_discovery_space/pth2/shapedb_results/refined_conformers/lower_res5_11_shifted/0/Z1251516267/269/placement/res269_7F16_receptor_only_Z1251516267_57_24.pdb | B64: Z1251516267 | C64: maybe | E64: =IFERROR(__xludf.DUMMYFUNCTION("IFERROR(REGEXEXTRACT(A64, ""res(269|122)""), ""none"")"),"269") -> 269 | F64: -18.499142 | G64: 10 | H64: 1 | I64: 0.3 | J64: 3 | K64: -0.362342 | L64: 100 | M64: 0 | N64: 0 | O64: 95.438516
A65: /pi/summer.thyme-umw/rosetta_discovery_space/pth2/shapedb_results/refined_conformers/lower_res5_11_shifted/4/Z1261227846/269/placement/res269_7F16_receptor_only_Z1261227846_96_6.pdb | B65: Z1261227846 | C65: maybe | E65: =IFERROR(__xludf.DUMMYFUNCTION("IFERROR(REGEXEXTRACT(A65, ""res(269|122)""), ""none"")"),"269") -> 269 | F65: -16.983006 | G65: 12 | H65: 5 | I65: 0.25 | J65: 2 | K65: -0.69205 | L65: 100 | M65: 0 | N65: 0 | O65: 101.57494
A66: /pi/summer.thyme-umw/rosetta_discovery_space/pth2/shapedb_results/refined_conformers/lower_res1_11_shifted/30/Z1337997284/269/placement/res269_7F16_receptor_only_Z1337997284_46_11.pdb | B66: Z1337997284 | C66: maybe | E66: =IFERROR(__xludf.DUMMYFUNCTION("IFERROR(REGEXEXTRACT(A66, ""res(269|122)""), ""none"")"),"269") -> 269 | F66: -15.529597 | G66: 9 | H66: 2 | I66: 0.444444 | J66: 2 | K66: -0.986909 | L66: 100 | M66: 0 | N66: 0 | O66: 96.927938
A67: /pi/summer.thyme-umw/rosetta_discovery_space/pth2/shapedb_results/refined_conformers/lower_res5_11_shifted/5/Z1359735366/269/placement/res269_7F16_receptor_only_Z1359735366_149_10.pdb | B67: Z1359735366 | C67: maybe | E67: =IFERROR(__xludf.DUMMYFUNCTION("IFERROR(REGEXEXTRACT(A67, ""res(269|122)""), ""none"")"),"269") -> 269 | F67: -16.175959 | G67: 9 | H67: 3 | I67: 0.333333 | J67: 2 | K67: -0.314357 | L67: 100 | M67: 0 | N67: 0 | O67: 97.843017
A68: /pi/summer.thyme-umw/rosetta_discovery_space/pth2/shapedb_results/refined_conformers/lower_res1_11_shifted/15/Z1367829528/269/placement/res269_7F16_receptor_only_Z1367829528_140_3.pdb | B68: Z1367829528 | C68: maybe | E68: =IFERROR(__xludf.DUMMYFUNCTION("IFERROR(REGEXEXTRACT(A68, ""res(269|122)""), ""none"")"),"269") -> 269 | F68: -17.343073 | G68: 7 | H68: 2 | I68: 0.285714 | J68: 2 | K68: -0.812617 | L68: 100 | M68: 0 | N68: 0 | O68: 93.130024
A69: /pi/summer.thyme-umw/rosetta_discovery_space/pth2/shapedb_results/refined_conformers/lower_res1_11_shifted/24/Z1444094132/269/placement/res269_7F16_receptor_only_Z1444094132_108_6.pdb | B69: Z1444094132 | C69: maybe | E69: =IFERROR(__xludf.DUMMYFUNCTION("IFERROR(REGEXEXTRACT(A69, ""res(269|122)""), ""none"")"),"269") -> 269 | F69: -15.840535 | G69: 8 | H69: 3 | I69: 0.25 | J69: 2 | K69: -1.102898 | L69: 100 | M69: 0 | N69: 0 | O69: 96.306567
A70: /pi/summer.thyme-umw/rosetta_discovery_space/pth2/shapedb_results/refined_conformers/lower_res1_11_shifted/31/Z1465195447/269/placement/res269_7F16_receptor_only_Z1465195447_53_4.pdb | B70: Z1465195447 | C70: maybe | E70: =IFERROR(__xludf.DUMMYFUNCTION("IFERROR(REGEXEXTRACT(A70, ""res(269|122)""), ""none"")"),"269") -> 269 | F70: -15.34511 | G70: 6 | H70: 3 | I70: 0.333333 | J70: 2 | K70: -0.649549 | L70: 100 | M70: 0 | N70: 0 | O70: 95.338674
A71: /pi/summer.thyme-umw/rosetta_discovery_space/pth2/shapedb_results/refined_conformers/lower_res1_11_shifted/26/Z1497805820/269/placement/res269_7F16_receptor_only_Z1497805820_150_11.pdb | B71: Z1497805820 | C71: maybe | D71: probably not good | E71: =IFERROR(__xludf.DUMMYFUNCTION("IFERROR(REGEXEXTRACT(A71, ""res(269|122)""), ""none"")"),"269") -> 269 | F71: -15.869256 | G71: 7 | H71: 2 | I71: 0.428571 | J71: 3 | K71: -2.176816 | L71: 100 | M71: 0 | N71: 0 | O71: 94.382499
A72: /pi/summer.thyme-umw/rosetta_discovery_space/pth2/shapedb_results/refined_conformers/lower_res1_11_shifted/20/Z1634233487/269/placement/res269_7F16_receptor_only_Z1634233487_99_4.pdb | B72: Z1634233487 | C72: decent | E72: =IFERROR(__xludf.DUMMYFUNCTION("IFERROR(REGEXEXTRACT(A72, ""res(269|122)""), ""none"")"),"269") -> 269 | F72: -16.284917 | G72: 8 | H72: 5 | I72: 0.25 | J72: 2 | K72: -1.566179 | L72: 100 | M72: 0 | N72: 0 | O72: 97.398904
A73: /pi/summer.thyme-umw/rosetta_discovery_space/pth2/shapedb_results/refined_conformers/lower_res1_11_shifted/12/Z1998434183/269/placement/res269_7F16_receptor_only_Z1998434183_30_67.pdb | B73: Z1998434183 | C73: maybe | E73: =IFERROR(__xludf.DUMMYFUNCTION("IFERROR(REGEXEXTRACT(A73, ""res(269|122)""), ""none"")"),"269") -> 269 | F73: -16.118663 | G73: 9 | H73: 1 | I73: 0.333333 | J73: 2 | K73: -0.368431 | L73: 100 | M73: 0 | N73: 0 | O73: 95.846239
A74: /pi/summer.thyme-umw/rosetta_discovery_space/pth2/shapedb_results/refined_conformers/lower_res1_11_shifted/38/Z2094209260/269/placement/res269_7F16_receptor_only_Z2094209260_97_1.pdb | B74: Z2094209260 | C74: maybe | E74: =IFERROR(__xludf.DUMMYFUNCTION("IFERROR(REGEXEXTRACT(A74, ""res(269|122)""), ""none"")"),"269") -> 269 | F74: -15.441678 | G74: 7 | H74: 3 | I74: 0.571429 | J74: 2 | K74: -0.383116 | L74: 100 | M74: 0 | N74: 0 | O74: 96.746635
A75: /pi/summer.thyme-umw/rosetta_discovery_space/pth2/shapedb_results/refined_conformers/lower_res5_11_shifted/3/Z3080952359/269/placement/res269_7F16_receptor_only_Z3080952359_52_0.pdb | B75: Z3080952359 | C75: maybe | E75: =IFERROR(__xludf.DUMMYFUNCTION("IFERROR(REGEXEXTRACT(A75, ""res(269|122)""), ""none"")"),"269") -> 269 | F75: -15.43829 | G75: 8 | H75: 3 | I75: 0.375 | J75: 2 | K75: -1.14393 | L75: 100 | M75: 0 | N75: 0 | O75: 96.79278
A76: /pi/summer.thyme-umw/rosetta_discovery_space/pth2/shapedb_results/refined_conformers/lower_res1_11_shifted/17/Z363295334/269/placement/res269_7F16_receptor_only_Z363295334_112_11.pdb | B76: Z363295334 | C76: maybe | E76: =IFERROR(__xludf.DUMMYFUNCTION("IFERROR(REGEXEXTRACT(A76, ""res(269|122)""), ""none"")"),"269") -> 269 | F76: -16.179464 | G76: 11 | H76: 5 | I76: 0.454545 | J76: 2 | K76: -0.328299 | L76: 100 | M76: 0 | N76: 0 | O76: 101.94678
A77: /pi/summer.thyme-umw/rosetta_discovery_space/pth2/shapedb_results/refined_conformers/lower_res1_11_shifted/42/Z395775478/269/placement/res269_7F16_receptor_only_Z395775478_134_52.pdb | B77: Z395775478 | C77: maybe | D77: unsatisfied sulfonamide O is probably bad | E77: =IFERROR(__xludf.DUMMYFUNCTION("IFERROR(REGEXEXTRACT(A77, ""res(269|122)""), ""none"")"),"269") -> 269 | F77: -15.935374 | G77: 10 | H77: 2 | I77: 0.3 | J77: 3 | K77: -1.849118 | L77: 100 | M77: 0 | N77: 0 | O77: 97.515508
A78: /pi/summer.thyme-umw/rosetta_discovery_space/pth2/shapedb_results/refined_conformers/lower_res1_11_shifted/1/Z4322826053/269/placement/res269_7F16_receptor_only_Z4322826053_15_0.pdb | B78: Z4322826053 | C78: decent | D78: same pose as Z4322826055, enantiomer | E78: =IFERROR(__xludf.DUMMYFUNCTION("IFERROR(REGEXEXTRACT(A78, ""res(269|122)""), ""none"")"),"269") -> 269 | F78: -15.953649 | G78: 12 | H78: 5 | I78: 0.416667 | J78: 3 | K78: -0.584621 | L78: 100 | M78: 0 | N78: 0 | O78: 103.8784
A79: /pi/summer.thyme-umw/rosetta_discovery_space/pth2/shapedb_results/refined_conformers/lower_res1_11_shifted/1/Z4322826055/269/placement/res269_7F16_receptor_only_Z4322826055_15_0.pdb | B79: Z4322826055 | C79: decent | D79: same pose as Z4322826053, enantiomer | E79: =IFERROR(__xludf.DUMMYFUNCTION("IFERROR(REGEXEXTRACT(A79, ""res(269|122)""), ""none"")"),"269") -> 269 | F79: -15.953649 | G79: 12 | H79: 5 | I79: 0.416667 | J79: 3 | K79: -0.584621 | L79: 100 | M79: 0 | N79: 0 | O79: 103.8784
A80: /pi/summer.thyme-umw/rosetta_discovery_space/pth2/shapedb_results/refined_conformers/lower_res1_11_shifted/14/Z4881795915/269/placement/res269_7F16_receptor_only_Z4881795915_226_8.pdb | B80: Z4881795915 | C80: maybe | D80: same pose as Z4881795942, enantiomer | E80: =IFERROR(__xludf.DUMMYFUNCTION("IFERROR(REGEXEXTRACT(A80, ""res(269|122)""), ""none"")"),"269") -> 269 | F80: -15.47128 | G80: 8 | H80: 5 | I80: 0.5 | J80: 2 | K80: -0.38008 | L80: 100 | M80: 0 | N80: 0 | O80: 99.64864
A81: /pi/summer.thyme-umw/rosetta_discovery_space/pth2/shapedb_results/refined_conformers/lower_res1_11_shifted/14/Z4881795942/269/placement/res269_7F16_receptor_only_Z4881795942_226_8.pdb | B81: Z4881795942 | C81: maybe | D81: same pose as Z4881795915, enantiomer | E81: =IFERROR(__xludf.DUMMYFUNCTION("IFERROR(REGEXEXTRACT(A81, ""res(269|122)""), ""none"")"),"269") -> 269 | F81: -15.47128 | G81: 8 | H81: 5 | I81: 0.5 | J81: 2 | K81: -0.38008 | L81: 100 | M81: 0 | N81: 0 | O81: 99.64864
A82: /pi/summer.thyme-umw/rosetta_discovery_space/pth2/shapedb_results/refined_conformers/lower_res1_11_shifted/21/Z606021628/269/placement/res269_7F16_receptor_only_Z606021628_7_1.pdb | B82: Z606021628 | C82: maybe | E82: =IFERROR(__xludf.DUMMYFUNCTION("IFERROR(REGEXEXTRACT(A82, ""res(269|122)""), ""none"")"),"269") -> 269 | F82: -15.350062 | G82: 8 | H82: 3 | I82: 0.375 | J82: 2 | K82: -1.00126 | L82: 100 | M82: 0 | N82: 0 | O82: 97.023678
A83: /pi/summer.thyme-umw/rosetta_discovery_space/pth2/shapedb_results/refined_conformers/lower_res1_11_shifted/30/Z735508476/269/placement/res269_7F16_receptor_only_Z735508476_101_2.pdb | B83: Z735508476 | C83: maybe | E83: =IFERROR(__xludf.DUMMYFUNCTION("IFERROR(REGEXEXTRACT(A83, ""res(269|122)""), ""none"")"),"269") -> 269 | F83: -17.013166 | G83: 10 | H83: 3 | I83: 0.4 | J83: 2 | K83: -0.429581 | L83: 100 | M83: 0 | N83: 0 | O83: 97.957253
A84: /pi/summer.thyme-umw/rosetta_discovery_space/pth2/shapedb_results/refined_conformers/lower_res1_11_shifted/24/Z768140560/269/placement/res269_7F16_receptor_only_Z768140560_208_0.pdb | B84: Z768140560 | C84: maybe | E84: =IFERROR(__xludf.DUMMYFUNCTION("IFERROR(REGEXEXTRACT(A84, ""res(269|122)""), ""none"")"),"269") -> 269 | F84: -17.033126 | G84: 11 | H84: 5 | I84: 0.363636 | J84: 2 | K84: -1.0082 | L84: 100 | M84: 0 | N84: 0 | O84: 100.32231
A85: /pi/summer.thyme-umw/rosetta_discovery_space/pth2/shapedb_results/refined_conformers/lower_res1_11_shifted/19/Z940680074/269/placement/res269_7F16_receptor_only_Z940680074_25_66.pdb | B85: Z940680074 | C85: maybe | E85: =IFERROR(__xludf.DUMMYFUNCTION("IFERROR(REGEXEXTRACT(A85, ""res(269|122)""), ""none"")"),"269") -> 269 | F85: -15.889195 | G85: 10 | H85: 4 | I85: 0.3 | J85: 2 | K85: -1.177871 | L85: 100 | M85: 0 | N85: 0 | O85: 99.232934

Sheet res122 Summer
A1: file | B1: ligand_name | C1: Does Summer Like? | D1: Comments | E1: anchor | F1: ddg | G1: total_motifs | H1: significant_motifs | I1: real_motif_ratio | J1: hbond_motif_count | K1: hbond_motif_energy_sum | L1: closest_autodock_recovery_rmsd | M1: closest_autodock_recovery_ddg | N1: strain_energy | O1: total
A2: /pi/summer.thyme-umw/rosetta_discovery_space/pth2/shapedb_results/refined_conformers/lower_res1_11_shifted/0/PV-003476110573/122/placement/res122_7F16_receptor_only_PV-003476110573_20_3.pdb | B2: PV-003476110573 | C2: yes | E2: =IFERROR(__xludf.DUMMYFUNCTION("IFERROR(REGEXEXTRACT(A2, ""res(269|122)""), ""none"")"),"122") -> 122 | F2: -15.535781 | G2: 9 | H2: 3 | I2: 0.444444 | J2: 2 | K2: -1.719191 | L2: 100 | M2: 0 | N2: 0 | O2: 97.189472
A3: /pi/summer.thyme-umw/rosetta_discovery_space/pth2/shapedb_results/refined_conformers/lower_res5_11_shifted/7/PV-004363072660/122/placement/res122_7F16_receptor_only_PV-004363072660_208_3.pdb | B3: PV-004363072660 | C3: no | E3: =IFERROR(__xludf.DUMMYFUNCTION("IFERROR(REGEXEXTRACT(A3, ""res(269|122)""), ""none"")"),"122") -> 122 | F3: -17.372141 | G3: 10 | H3: 2 | I3: 0.3 | J3: 2 | K3: -1.446995 | L3: 100 | M3: 0 | N3: 0 | O3: 95.480864
A4: /pi/summer.thyme-umw/rosetta_discovery_space/pth2/shapedb_results/refined_conformers/lower_res5_11_shifted/4/PV-004434805041/122/placement/res122_7F16_receptor_only_PV-004434805041_203_1.pdb | B4: PV-004434805041 | C4: no | E4: =IFERROR(__xludf.DUMMYFUNCTION("IFERROR(REGEXEXTRACT(A4, ""res(269|122)""), ""none"")"),"122") -> 122 | F4: -15.13854 | G4: 9 | H4: 4 | I4: 0.333333 | J4: 2 | K4: -1.065005 | L4: 100 | M4: 0 | N4: 0 | O4: 99.129788
A5: /pi/summer.thyme-umw/rosetta_discovery_space/pth2/shapedb_results/refined_conformers/lower_res1_11_shifted/16/PV-004444948705/122/placement/res122_7F16_receptor_only_PV-004444948705_47_1.pdb | B5: PV-004444948705 | C5: maybe | E5: =IFERROR(__xludf.DUMMYFUNCTION("IFERROR(REGEXEXTRACT(A5, ""res(269|122)""), ""none"")"),"122") -> 122 | F5: -15.55909 | G5: 12 | H5: 4 | I5: 0.25 | J5: 2 | K5: -0.857348 | L5: 100 | M5: 0 | N5: 0 | O5: 101.83356
A6: /pi/summer.thyme-umw/rosetta_discovery_space/pth2/shapedb_results/refined_conformers/lower_res1_11_shifted/24/PV-004502754221/122/placement/res122_7F16_receptor_only_PV-004502754221_27_2.pdb | B6: PV-004502754221 | C6: no | E6: =IFERROR(__xludf.DUMMYFUNCTION("IFERROR(REGEXEXTRACT(A6, ""res(269|122)""), ""none"")"),"122") -> 122 | F6: -16.502904 | G6: 8 | H6: 3 | I6: 0.25 | J6: 3 | K6: -0.998347 | L6: 100 | M6: 0 | N6: 0 | O6: 96.748749
A7: /pi/summer.thyme-umw/rosetta_discovery_space/pth2/shapedb_results/refined_conformers/lower_res1_11_shifted/30/PV-004506477178/122/placement/res122_7F16_receptor_only_PV-004506477178_31_0.pdb | B7: PV-004506477178 | C7: decent | E7: =IFERROR(__xludf.DUMMYFUNCTION("IFERROR(REGEXEXTRACT(A7, ""res(269|122)""), ""none"")"),"122") -> 122 | F7: -16.222639 | G7: 10 | H7: 3 | I7: 0.3 | J7: 2 | K7: -1.763647 | L7: 100 | M7: 0 | N7: 0 | O7: 97.313714
A8: /pi/summer.thyme-umw/rosetta_discovery_space/pth2/shapedb_results/refined_conformers/lower_res1_11_shifted/18/PV-004506718703/122/placement/res122_7F16_receptor_only_PV-004506718703_31_1.pdb | B8: PV-004506718703 | C8: decent | E8: =IFERROR(__xludf.DUMMYFUNCTION("IFERROR(REGEXEXTRACT(A8, ""res(269|122)""), ""none"")"),"122") -> 122 | F8: -15.296063 | G8: 8 | H8: 3 | I8: 0.25 | J8: 2 | K8: -1.293353 | L8: 100 | M8: 0 | N8: 0 | O8: 96.660584
